"matchID","season","round","homeTeam","awayTeam","quarter","homeTeamRunningScore","awayTeamRunningScore","homeTeamPointsInQtr","awayTeamPointsInQtr","homeMinusAwayPointsInQtr","qtrWinningTeam"
"2016-03-24_R1_Richmond-v-Carlton",2016,1,"Richmond","Carlton",1,25,28,25,28,-3,"Carlton"
"2016-03-24_R1_Richmond-v-Carlton",2016,1,"Richmond","Carlton",2,44,37,19,9,10,"Richmond"
"2016-03-24_R1_Richmond-v-Carlton",2016,1,"Richmond","Carlton",3,66,75,22,38,-16,"Carlton"
"2016-03-24_R1_Richmond-v-Carlton",2016,1,"Richmond","Carlton",4,92,83,26,8,18,"Richmond"
"2016-03-26_R1_Gold Coast-v-Essendon",2016,1,"Gold Coast","Essendon",1,35,6,35,6,29,"Gold Coast"
"2016-03-26_R1_Gold Coast-v-Essendon",2016,1,"Gold Coast","Essendon",2,75,31,40,25,15,"Gold Coast"
"2016-03-26_R1_Gold Coast-v-Essendon",2016,1,"Gold Coast","Essendon",3,104,47,29,16,13,"Gold Coast"
"2016-03-26_R1_Gold Coast-v-Essendon",2016,1,"Gold Coast","Essendon",4,121,59,17,12,5,"Gold Coast"
"2016-03-26_R1_Melbourne-v-Greater Western Sydney",2016,1,"Melbourne","Greater Western Sydney",1,30,22,30,22,8,"Melbourne"
"2016-03-26_R1_Melbourne-v-Greater Western Sydney",2016,1,"Melbourne","Greater Western Sydney",2,34,44,4,22,-18,"Greater Western Sydney"
"2016-03-26_R1_Melbourne-v-Greater Western Sydney",2016,1,"Melbourne","Greater Western Sydney",3,41,62,7,18,-11,"Greater Western Sydney"
"2016-03-26_R1_Melbourne-v-Greater Western Sydney",2016,1,"Melbourne","Greater Western Sydney",4,80,78,39,16,23,"Melbourne"
"2016-03-26_R1_North Melbourne-v-Adelaide",2016,1,"North Melbourne","Adelaide",1,15,23,15,23,-8,"Adelaide"
"2016-03-26_R1_North Melbourne-v-Adelaide",2016,1,"North Melbourne","Adelaide",2,42,60,27,37,-10,"Adelaide"
"2016-03-26_R1_North Melbourne-v-Adelaide",2016,1,"North Melbourne","Adelaide",3,85,86,43,26,17,"North Melbourne"
"2016-03-26_R1_North Melbourne-v-Adelaide",2016,1,"North Melbourne","Adelaide",4,107,97,22,11,11,"North Melbourne"
"2016-03-26_R1_Sydney-v-Collingwood",2016,1,"Sydney","Collingwood",1,27,7,27,7,20,"Sydney"
"2016-03-26_R1_Sydney-v-Collingwood",2016,1,"Sydney","Collingwood",2,72,10,45,3,42,"Sydney"
"2016-03-26_R1_Sydney-v-Collingwood",2016,1,"Sydney","Collingwood",3,105,36,33,26,7,"Sydney"
"2016-03-26_R1_Sydney-v-Collingwood",2016,1,"Sydney","Collingwood",4,133,53,28,17,11,"Sydney"
"2016-03-27_R1_Port Adelaide-v-St Kilda",2016,1,"Port Adelaide","St Kilda",1,25,28,25,28,-3,"St Kilda"
"2016-03-27_R1_Port Adelaide-v-St Kilda",2016,1,"Port Adelaide","St Kilda",2,56,62,31,34,-3,"St Kilda"
"2016-03-27_R1_Port Adelaide-v-St Kilda",2016,1,"Port Adelaide","St Kilda",3,87,93,31,31,0,"Draw"
"2016-03-27_R1_Port Adelaide-v-St Kilda",2016,1,"Port Adelaide","St Kilda",4,133,100,46,7,39,"Port Adelaide"
"2016-03-27_R1_West Coast-v-Brisbane Lions",2016,1,"West Coast","Brisbane",1,46,32,46,32,14,"West Coast"
"2016-03-27_R1_West Coast-v-Brisbane Lions",2016,1,"West Coast","Brisbane",2,85,46,39,14,25,"West Coast"
"2016-03-27_R1_West Coast-v-Brisbane Lions",2016,1,"West Coast","Brisbane",3,123,73,38,27,11,"West Coast"
"2016-03-27_R1_West Coast-v-Brisbane Lions",2016,1,"West Coast","Brisbane",4,166,102,43,29,14,"West Coast"
"2016-03-27_R1_Western Bulldogs-v-Fremantle",2016,1,"Western Bulldogs","Fremantle",1,43,2,43,2,41,"Western Bulldogs"
"2016-03-27_R1_Western Bulldogs-v-Fremantle",2016,1,"Western Bulldogs","Fremantle",2,61,11,18,9,9,"Western Bulldogs"
"2016-03-27_R1_Western Bulldogs-v-Fremantle",2016,1,"Western Bulldogs","Fremantle",3,71,31,10,20,-10,"Fremantle"
"2016-03-27_R1_Western Bulldogs-v-Fremantle",2016,1,"Western Bulldogs","Fremantle",4,103,38,32,7,25,"Western Bulldogs"
"2016-03-28_R1_Geelong-v-Hawthorn",2016,1,"Geelong","Hawthorn",1,24,9,24,9,15,"Geelong"
"2016-03-28_R1_Geelong-v-Hawthorn",2016,1,"Geelong","Hawthorn",2,67,37,43,28,15,"Geelong"
"2016-03-28_R1_Geelong-v-Hawthorn",2016,1,"Geelong","Hawthorn",3,70,72,3,35,-32,"Hawthorn"
"2016-03-28_R1_Geelong-v-Hawthorn",2016,1,"Geelong","Hawthorn",4,116,86,46,14,32,"Geelong"
"2016-04-01_R2_Collingwood-v-Richmond",2016,2,"Collingwood","Richmond",1,13,14,13,14,-1,"Richmond"
"2016-04-01_R2_Collingwood-v-Richmond",2016,2,"Collingwood","Richmond",2,21,26,8,12,-4,"Richmond"
"2016-04-01_R2_Collingwood-v-Richmond",2016,2,"Collingwood","Richmond",3,49,54,28,28,0,"Draw"
"2016-04-01_R2_Collingwood-v-Richmond",2016,2,"Collingwood","Richmond",4,87,86,38,32,6,"Collingwood"
"2016-04-02_R2_Adelaide-v-Port Adelaide",2016,2,"Adelaide","Port Adelaide",1,40,8,40,8,32,"Adelaide"
"2016-04-02_R2_Adelaide-v-Port Adelaide",2016,2,"Adelaide","Port Adelaide",2,83,32,43,24,19,"Adelaide"
"2016-04-02_R2_Adelaide-v-Port Adelaide",2016,2,"Adelaide","Port Adelaide",3,121,54,38,22,16,"Adelaide"
"2016-04-02_R2_Adelaide-v-Port Adelaide",2016,2,"Adelaide","Port Adelaide",4,144,86,23,32,-9,"Port Adelaide"
"2016-04-02_R2_Brisbane Lions-v-North Melbourne",2016,2,"Brisbane","North Melbourne",1,19,15,19,15,4,"Brisbane"
"2016-04-02_R2_Brisbane Lions-v-North Melbourne",2016,2,"Brisbane","North Melbourne",2,35,56,16,41,-25,"North Melbourne"
"2016-04-02_R2_Brisbane Lions-v-North Melbourne",2016,2,"Brisbane","North Melbourne",3,54,91,19,35,-16,"North Melbourne"
"2016-04-02_R2_Brisbane Lions-v-North Melbourne",2016,2,"Brisbane","North Melbourne",4,83,117,29,26,3,"Brisbane"
"2016-04-02_R2_Essendon-v-Melbourne",2016,2,"Essendon","Melbourne",1,14,10,14,10,4,"Essendon"
"2016-04-02_R2_Essendon-v-Melbourne",2016,2,"Essendon","Melbourne",2,49,40,35,30,5,"Essendon"
"2016-04-02_R2_Essendon-v-Melbourne",2016,2,"Essendon","Melbourne",3,58,49,9,9,0,"Draw"
"2016-04-02_R2_Essendon-v-Melbourne",2016,2,"Essendon","Melbourne",4,80,67,22,18,4,"Essendon"
"2016-04-02_R2_Fremantle-v-Gold Coast",2016,2,"Fremantle","Gold Coast",1,28,27,28,27,1,"Fremantle"
"2016-04-02_R2_Fremantle-v-Gold Coast",2016,2,"Fremantle","Gold Coast",2,43,72,15,45,-30,"Gold Coast"
"2016-04-02_R2_Fremantle-v-Gold Coast",2016,2,"Fremantle","Gold Coast",3,76,105,33,33,0,"Draw"
"2016-04-02_R2_Fremantle-v-Gold Coast",2016,2,"Fremantle","Gold Coast",4,100,126,24,21,3,"Fremantle"
"2016-04-02_R2_St Kilda-v-Western Bulldogs",2016,2,"St Kilda","Western Bulldogs",1,7,24,7,24,-17,"Western Bulldogs"
"2016-04-02_R2_St Kilda-v-Western Bulldogs",2016,2,"St Kilda","Western Bulldogs",2,23,48,16,24,-8,"Western Bulldogs"
"2016-04-02_R2_St Kilda-v-Western Bulldogs",2016,2,"St Kilda","Western Bulldogs",3,29,67,6,19,-13,"Western Bulldogs"
"2016-04-02_R2_St Kilda-v-Western Bulldogs",2016,2,"St Kilda","Western Bulldogs",4,36,93,7,26,-19,"Western Bulldogs"
"2016-04-03_R2_Carlton-v-Sydney",2016,2,"Carlton","Sydney",1,20,28,20,28,-8,"Sydney"
"2016-04-03_R2_Carlton-v-Sydney",2016,2,"Carlton","Sydney",2,29,67,9,39,-30,"Sydney"
"2016-04-03_R2_Carlton-v-Sydney",2016,2,"Carlton","Sydney",3,46,91,17,24,-7,"Sydney"
"2016-04-03_R2_Carlton-v-Sydney",2016,2,"Carlton","Sydney",4,71,131,25,40,-15,"Sydney"
"2016-04-03_R2_Greater Western Sydney-v-Geelong",2016,2,"Greater Western Sydney","Geelong",1,13,11,13,11,2,"Greater Western Sydney"
"2016-04-03_R2_Greater Western Sydney-v-Geelong",2016,2,"Greater Western Sydney","Geelong",2,52,37,39,26,13,"Greater Western Sydney"
"2016-04-03_R2_Greater Western Sydney-v-Geelong",2016,2,"Greater Western Sydney","Geelong",3,74,56,22,19,3,"Greater Western Sydney"
"2016-04-03_R2_Greater Western Sydney-v-Geelong",2016,2,"Greater Western Sydney","Geelong",4,83,76,9,20,-11,"Geelong"
"2016-04-03_R2_Hawthorn-v-West Coast",2016,2,"Hawthorn","West Coast",1,28,2,28,2,26,"Hawthorn"
"2016-04-03_R2_Hawthorn-v-West Coast",2016,2,"Hawthorn","West Coast",2,50,29,22,27,-5,"West Coast"
"2016-04-03_R2_Hawthorn-v-West Coast",2016,2,"Hawthorn","West Coast",3,77,50,27,21,6,"Hawthorn"
"2016-04-03_R2_Hawthorn-v-West Coast",2016,2,"Hawthorn","West Coast",4,99,53,22,3,19,"Hawthorn"
"2016-04-08_R3_Port Adelaide-v-Essendon",2016,3,"Port Adelaide","Essendon",1,46,10,46,10,36,"Port Adelaide"
"2016-04-08_R3_Port Adelaide-v-Essendon",2016,3,"Port Adelaide","Essendon",2,71,30,25,20,5,"Port Adelaide"
"2016-04-08_R3_Port Adelaide-v-Essendon",2016,3,"Port Adelaide","Essendon",3,86,31,15,1,14,"Port Adelaide"
"2016-04-08_R3_Port Adelaide-v-Essendon",2016,3,"Port Adelaide","Essendon",4,106,51,20,20,0,"Draw"
"2016-04-09_R3_Richmond-v-Adelaide",2016,3,"Richmond","Adelaide",1,15,28,15,28,-13,"Adelaide"
"2016-04-09_R3_Richmond-v-Adelaide",2016,3,"Richmond","Adelaide",2,47,72,32,44,-12,"Adelaide"
"2016-04-09_R3_Richmond-v-Adelaide",2016,3,"Richmond","Adelaide",3,64,111,17,39,-22,"Adelaide"
"2016-04-09_R3_Richmond-v-Adelaide",2016,3,"Richmond","Adelaide",4,92,128,28,17,11,"Richmond"
"2016-04-09_R3_St Kilda-v-Collingwood",2016,3,"St Kilda","Collingwood",1,39,27,39,27,12,"St Kilda"
"2016-04-09_R3_St Kilda-v-Collingwood",2016,3,"St Kilda","Collingwood",2,60,58,21,31,-10,"Collingwood"
"2016-04-09_R3_St Kilda-v-Collingwood",2016,3,"St Kilda","Collingwood",3,97,66,37,8,29,"St Kilda"
"2016-04-09_R3_St Kilda-v-Collingwood",2016,3,"St Kilda","Collingwood",4,119,90,22,24,-2,"Collingwood"
"2016-04-09_R3_Sydney-v-Greater Western Sydney",2016,3,"Sydney","Greater Western Sydney",1,15,2,15,2,13,"Sydney"
"2016-04-09_R3_Sydney-v-Greater Western Sydney",2016,3,"Sydney","Greater Western Sydney",2,34,28,19,26,-7,"Greater Western Sydney"
"2016-04-09_R3_Sydney-v-Greater Western Sydney",2016,3,"Sydney","Greater Western Sydney",3,55,41,21,13,8,"Sydney"
"2016-04-09_R3_Sydney-v-Greater Western Sydney",2016,3,"Sydney","Greater Western Sydney",4,93,68,38,27,11,"Sydney"
"2016-04-09_R3_West Coast-v-Fremantle",2016,3,"West Coast","Fremantle",1,13,21,13,21,-8,"Fremantle"
"2016-04-09_R3_West Coast-v-Fremantle",2016,3,"West Coast","Fremantle",2,31,25,18,4,14,"West Coast"
"2016-04-09_R3_West Coast-v-Fremantle",2016,3,"West Coast","Fremantle",3,53,34,22,9,13,"West Coast"
"2016-04-09_R3_West Coast-v-Fremantle",2016,3,"West Coast","Fremantle",4,92,59,39,25,14,"West Coast"
"2016-04-10_R3_Geelong-v-Brisbane Lions",2016,3,"Geelong","Brisbane",1,38,11,38,11,27,"Geelong"
"2016-04-10_R3_Geelong-v-Brisbane Lions",2016,3,"Geelong","Brisbane",2,65,27,27,16,11,"Geelong"
"2016-04-10_R3_Geelong-v-Brisbane Lions",2016,3,"Geelong","Brisbane",3,86,47,21,20,1,"Geelong"
"2016-04-10_R3_Geelong-v-Brisbane Lions",2016,3,"Geelong","Brisbane",4,125,56,39,9,30,"Geelong"
"2016-04-10_R3_North Melbourne-v-Melbourne",2016,3,"North Melbourne","Melbourne",1,50,14,50,14,36,"North Melbourne"
"2016-04-10_R3_North Melbourne-v-Melbourne",2016,3,"North Melbourne","Melbourne",2,64,71,14,57,-43,"Melbourne"
"2016-04-10_R3_North Melbourne-v-Melbourne",2016,3,"North Melbourne","Melbourne",3,109,91,45,20,25,"North Melbourne"
"2016-04-10_R3_North Melbourne-v-Melbourne",2016,3,"North Melbourne","Melbourne",4,136,131,27,40,-13,"Melbourne"
"2016-04-10_R3_Western Bulldogs-v-Hawthorn",2016,3,"Western Bulldogs","Hawthorn",1,2,16,2,16,-14,"Hawthorn"
"2016-04-10_R3_Western Bulldogs-v-Hawthorn",2016,3,"Western Bulldogs","Hawthorn",2,29,35,27,19,8,"Western Bulldogs"
"2016-04-10_R3_Western Bulldogs-v-Hawthorn",2016,3,"Western Bulldogs","Hawthorn",3,68,49,39,14,25,"Western Bulldogs"
"2016-04-10_R3_Western Bulldogs-v-Hawthorn",2016,3,"Western Bulldogs","Hawthorn",4,90,93,22,44,-22,"Hawthorn"
"2016-04-15_R4_West Coast-v-Richmond",2016,4,"West Coast","Richmond",1,44,12,44,12,32,"West Coast"
"2016-04-15_R4_West Coast-v-Richmond",2016,4,"West Coast","Richmond",2,73,19,29,7,22,"West Coast"
"2016-04-15_R4_West Coast-v-Richmond",2016,4,"West Coast","Richmond",3,94,39,21,20,1,"West Coast"
"2016-04-15_R4_West Coast-v-Richmond",2016,4,"West Coast","Richmond",4,125,57,31,18,13,"West Coast"
"2016-04-16_R4_Adelaide-v-Sydney",2016,4,"Adelaide","Sydney",1,19,22,19,22,-3,"Sydney"
"2016-04-16_R4_Adelaide-v-Sydney",2016,4,"Adelaide","Sydney",2,38,36,19,14,5,"Adelaide"
"2016-04-16_R4_Adelaide-v-Sydney",2016,4,"Adelaide","Sydney",3,79,80,41,44,-3,"Sydney"
"2016-04-16_R4_Adelaide-v-Sydney",2016,4,"Adelaide","Sydney",4,113,103,34,23,11,"Adelaide"
"2016-04-16_R4_Brisbane Lions-v-Gold Coast",2016,4,"Brisbane","Gold Coast",1,24,26,24,26,-2,"Gold Coast"
"2016-04-16_R4_Brisbane Lions-v-Gold Coast",2016,4,"Brisbane","Gold Coast",2,39,47,15,21,-6,"Gold Coast"
"2016-04-16_R4_Brisbane Lions-v-Gold Coast",2016,4,"Brisbane","Gold Coast",3,80,79,41,32,9,"Brisbane"
"2016-04-16_R4_Brisbane Lions-v-Gold Coast",2016,4,"Brisbane","Gold Coast",4,107,94,27,15,12,"Brisbane"
"2016-04-16_R4_Carlton-v-Western Bulldogs",2016,4,"Carlton","Western Bulldogs",1,13,31,13,31,-18,"Western Bulldogs"
"2016-04-16_R4_Carlton-v-Western Bulldogs",2016,4,"Carlton","Western Bulldogs",2,15,58,2,27,-25,"Western Bulldogs"
"2016-04-16_R4_Carlton-v-Western Bulldogs",2016,4,"Carlton","Western Bulldogs",3,35,78,20,20,0,"Draw"
"2016-04-16_R4_Carlton-v-Western Bulldogs",2016,4,"Carlton","Western Bulldogs",4,49,85,14,7,7,"Carlton"
"2016-04-16_R4_Essendon-v-Geelong",2016,4,"Essendon","Geelong",1,14,15,14,15,-1,"Geelong"
"2016-04-16_R4_Essendon-v-Geelong",2016,4,"Essendon","Geelong",2,34,36,20,21,-1,"Geelong"
"2016-04-16_R4_Essendon-v-Geelong",2016,4,"Essendon","Geelong",3,41,49,7,13,-6,"Geelong"
"2016-04-16_R4_Essendon-v-Geelong",2016,4,"Essendon","Geelong",4,42,72,1,23,-22,"Geelong"
"2016-04-16_R4_Hawthorn-v-St Kilda",2016,4,"Hawthorn","St Kilda",1,32,14,32,14,18,"Hawthorn"
"2016-04-16_R4_Hawthorn-v-St Kilda",2016,4,"Hawthorn","St Kilda",2,50,45,18,31,-13,"St Kilda"
"2016-04-16_R4_Hawthorn-v-St Kilda",2016,4,"Hawthorn","St Kilda",3,64,64,14,19,-5,"St Kilda"
"2016-04-16_R4_Hawthorn-v-St Kilda",2016,4,"Hawthorn","St Kilda",4,87,84,23,20,3,"Hawthorn"
"2016-04-17_R4_Collingwood-v-Melbourne",2016,4,"Collingwood","Melbourne",1,8,38,8,38,-30,"Melbourne"
"2016-04-17_R4_Collingwood-v-Melbourne",2016,4,"Collingwood","Melbourne",2,41,68,33,30,3,"Collingwood"
"2016-04-17_R4_Collingwood-v-Melbourne",2016,4,"Collingwood","Melbourne",3,58,88,17,20,-3,"Melbourne"
"2016-04-17_R4_Collingwood-v-Melbourne",2016,4,"Collingwood","Melbourne",4,67,102,9,14,-5,"Melbourne"
"2016-04-17_R4_North Melbourne-v-Fremantle",2016,4,"North Melbourne","Fremantle",1,34,19,34,19,15,"North Melbourne"
"2016-04-17_R4_North Melbourne-v-Fremantle",2016,4,"North Melbourne","Fremantle",2,66,54,32,35,-3,"Fremantle"
"2016-04-17_R4_North Melbourne-v-Fremantle",2016,4,"North Melbourne","Fremantle",3,93,86,27,32,-5,"Fremantle"
"2016-04-17_R4_North Melbourne-v-Fremantle",2016,4,"North Melbourne","Fremantle",4,132,101,39,15,24,"North Melbourne"
"2016-04-22_R5_Hawthorn-v-Adelaide",2016,5,"Hawthorn","Adelaide",1,27,43,27,43,-16,"Adelaide"
"2016-04-22_R5_Hawthorn-v-Adelaide",2016,5,"Hawthorn","Adelaide",2,65,63,38,20,18,"Hawthorn"
"2016-04-22_R5_Hawthorn-v-Adelaide",2016,5,"Hawthorn","Adelaide",3,78,90,13,27,-14,"Adelaide"
"2016-04-22_R5_Hawthorn-v-Adelaide",2016,5,"Hawthorn","Adelaide",4,112,109,34,19,15,"Hawthorn"
"2016-04-23_R5_Gold Coast-v-North Melbourne",2016,5,"Gold Coast","North Melbourne",1,22,40,22,40,-18,"North Melbourne"
"2016-04-23_R5_Gold Coast-v-North Melbourne",2016,5,"Gold Coast","North Melbourne",2,46,68,24,28,-4,"North Melbourne"
"2016-04-23_R5_Gold Coast-v-North Melbourne",2016,5,"Gold Coast","North Melbourne",3,67,88,21,20,1,"Gold Coast"
"2016-04-23_R5_Gold Coast-v-North Melbourne",2016,5,"Gold Coast","North Melbourne",4,81,119,14,31,-17,"North Melbourne"
"2016-04-23_R5_Port Adelaide-v-Geelong",2016,5,"Port Adelaide","Geelong",1,34,10,34,10,24,"Port Adelaide"
"2016-04-23_R5_Port Adelaide-v-Geelong",2016,5,"Port Adelaide","Geelong",2,36,47,2,37,-35,"Geelong"
"2016-04-23_R5_Port Adelaide-v-Geelong",2016,5,"Port Adelaide","Geelong",3,51,81,15,34,-19,"Geelong"
"2016-04-23_R5_Port Adelaide-v-Geelong",2016,5,"Port Adelaide","Geelong",4,59,107,8,26,-18,"Geelong"
"2016-04-23_R5_Sydney-v-West Coast",2016,5,"Sydney","West Coast",1,15,21,15,21,-6,"West Coast"
"2016-04-23_R5_Sydney-v-West Coast",2016,5,"Sydney","West Coast",2,36,27,21,6,15,"Sydney"
"2016-04-23_R5_Sydney-v-West Coast",2016,5,"Sydney","West Coast",3,66,45,30,18,12,"Sydney"
"2016-04-23_R5_Sydney-v-West Coast",2016,5,"Sydney","West Coast",4,88,49,22,4,18,"Sydney"
"2016-04-23_R5_Western Bulldogs-v-Brisbane Lions",2016,5,"Western Bulldogs","Brisbane",1,24,13,24,13,11,"Western Bulldogs"
"2016-04-23_R5_Western Bulldogs-v-Brisbane Lions",2016,5,"Western Bulldogs","Brisbane",2,62,28,38,15,23,"Western Bulldogs"
"2016-04-23_R5_Western Bulldogs-v-Brisbane Lions",2016,5,"Western Bulldogs","Brisbane",3,90,47,28,19,9,"Western Bulldogs"
"2016-04-23_R5_Western Bulldogs-v-Brisbane Lions",2016,5,"Western Bulldogs","Brisbane",4,120,67,30,20,10,"Western Bulldogs"
"2016-04-24_R5_Fremantle-v-Carlton",2016,5,"Fremantle","Carlton",1,17,17,17,17,0,"Draw"
"2016-04-24_R5_Fremantle-v-Carlton",2016,5,"Fremantle","Carlton",2,32,33,15,16,-1,"Carlton"
"2016-04-24_R5_Fremantle-v-Carlton",2016,5,"Fremantle","Carlton",3,48,46,16,13,3,"Fremantle"
"2016-04-24_R5_Fremantle-v-Carlton",2016,5,"Fremantle","Carlton",4,68,72,20,26,-6,"Carlton"
"2016-04-24_R5_Melbourne-v-Richmond",2016,5,"Melbourne","Richmond",1,31,15,31,15,16,"Melbourne"
"2016-04-24_R5_Melbourne-v-Richmond",2016,5,"Melbourne","Richmond",2,69,47,38,32,6,"Melbourne"
"2016-04-24_R5_Melbourne-v-Richmond",2016,5,"Melbourne","Richmond",3,91,75,22,28,-6,"Richmond"
"2016-04-24_R5_Melbourne-v-Richmond",2016,5,"Melbourne","Richmond",4,129,96,38,21,17,"Melbourne"
"2016-04-24_R5_St Kilda-v-Greater Western Sydney",2016,5,"St Kilda","Greater Western Sydney",1,19,33,19,33,-14,"Greater Western Sydney"
"2016-04-24_R5_St Kilda-v-Greater Western Sydney",2016,5,"St Kilda","Greater Western Sydney",2,39,60,20,27,-7,"Greater Western Sydney"
"2016-04-24_R5_St Kilda-v-Greater Western Sydney",2016,5,"St Kilda","Greater Western Sydney",3,60,76,21,16,5,"St Kilda"
"2016-04-24_R5_St Kilda-v-Greater Western Sydney",2016,5,"St Kilda","Greater Western Sydney",4,79,126,19,50,-31,"Greater Western Sydney"
"2016-04-25_R5_Collingwood-v-Essendon",2016,5,"Collingwood","Essendon",1,52,7,52,7,45,"Collingwood"
"2016-04-25_R5_Collingwood-v-Essendon",2016,5,"Collingwood","Essendon",2,90,14,38,7,31,"Collingwood"
"2016-04-25_R5_Collingwood-v-Essendon",2016,5,"Collingwood","Essendon",3,122,46,32,32,0,"Draw"
"2016-04-25_R5_Collingwood-v-Essendon",2016,5,"Collingwood","Essendon",4,142,73,20,27,-7,"Essendon"
"2016-04-29_R6_North Melbourne-v-Western Bulldogs",2016,6,"North Melbourne","Western Bulldogs",1,25,13,25,13,12,"North Melbourne"
"2016-04-29_R6_North Melbourne-v-Western Bulldogs",2016,6,"North Melbourne","Western Bulldogs",2,34,22,9,9,0,"Draw"
"2016-04-29_R6_North Melbourne-v-Western Bulldogs",2016,6,"North Melbourne","Western Bulldogs",3,54,42,20,20,0,"Draw"
"2016-04-29_R6_North Melbourne-v-Western Bulldogs",2016,6,"North Melbourne","Western Bulldogs",4,61,45,7,3,4,"North Melbourne"
"2016-04-30_R6_Adelaide-v-Fremantle",2016,6,"Adelaide","Fremantle",1,16,9,16,9,7,"Adelaide"
"2016-04-30_R6_Adelaide-v-Fremantle",2016,6,"Adelaide","Fremantle",2,35,23,19,14,5,"Adelaide"
"2016-04-30_R6_Adelaide-v-Fremantle",2016,6,"Adelaide","Fremantle",3,64,32,29,9,20,"Adelaide"
"2016-04-30_R6_Adelaide-v-Fremantle",2016,6,"Adelaide","Fremantle",4,97,64,33,32,1,"Adelaide"
"2016-04-30_R6_Geelong-v-Gold Coast",2016,6,"Geelong","Gold Coast",1,34,20,34,20,14,"Geelong"
"2016-04-30_R6_Geelong-v-Gold Coast",2016,6,"Geelong","Gold Coast",2,74,33,40,13,27,"Geelong"
"2016-04-30_R6_Geelong-v-Gold Coast",2016,6,"Geelong","Gold Coast",3,122,39,48,6,42,"Geelong"
"2016-04-30_R6_Geelong-v-Gold Coast",2016,6,"Geelong","Gold Coast",4,168,48,46,9,37,"Geelong"
"2016-04-30_R6_Melbourne-v-St Kilda",2016,6,"Melbourne","St Kilda",1,33,22,33,22,11,"Melbourne"
"2016-04-30_R6_Melbourne-v-St Kilda",2016,6,"Melbourne","St Kilda",2,51,63,18,41,-23,"St Kilda"
"2016-04-30_R6_Melbourne-v-St Kilda",2016,6,"Melbourne","St Kilda",3,71,113,20,50,-30,"St Kilda"
"2016-04-30_R6_Melbourne-v-St Kilda",2016,6,"Melbourne","St Kilda",4,96,135,25,22,3,"Melbourne"
"2016-04-30_R6_Richmond-v-Port Adelaide",2016,6,"Richmond","Port Adelaide",1,14,19,14,19,-5,"Port Adelaide"
"2016-04-30_R6_Richmond-v-Port Adelaide",2016,6,"Richmond","Port Adelaide",2,34,52,20,33,-13,"Port Adelaide"
"2016-04-30_R6_Richmond-v-Port Adelaide",2016,6,"Richmond","Port Adelaide",3,58,79,24,27,-3,"Port Adelaide"
"2016-04-30_R6_Richmond-v-Port Adelaide",2016,6,"Richmond","Port Adelaide",4,59,94,1,15,-14,"Port Adelaide"
"2016-05-01_R6_Brisbane Lions-v-Sydney",2016,6,"Brisbane","Sydney",1,21,43,21,43,-22,"Sydney"
"2016-05-01_R6_Brisbane Lions-v-Sydney",2016,6,"Brisbane","Sydney",2,37,51,16,8,8,"Brisbane"
"2016-05-01_R6_Brisbane Lions-v-Sydney",2016,6,"Brisbane","Sydney",3,69,77,32,26,6,"Brisbane"
"2016-05-01_R6_Brisbane Lions-v-Sydney",2016,6,"Brisbane","Sydney",4,94,97,25,20,5,"Brisbane"
"2016-05-01_R6_Carlton-v-Essendon",2016,6,"Carlton","Essendon",1,19,7,19,7,12,"Carlton"
"2016-05-01_R6_Carlton-v-Essendon",2016,6,"Carlton","Essendon",2,25,10,6,3,3,"Carlton"
"2016-05-01_R6_Carlton-v-Essendon",2016,6,"Carlton","Essendon",3,39,32,14,22,-8,"Essendon"
"2016-05-01_R6_Carlton-v-Essendon",2016,6,"Carlton","Essendon",4,72,57,33,25,8,"Carlton"
"2016-05-01_R6_West Coast-v-Collingwood",2016,6,"West Coast","Collingwood",1,40,7,40,7,33,"West Coast"
"2016-05-01_R6_West Coast-v-Collingwood",2016,6,"West Coast","Collingwood",2,56,27,16,20,-4,"Collingwood"
"2016-05-01_R6_West Coast-v-Collingwood",2016,6,"West Coast","Collingwood",3,72,53,16,26,-10,"Collingwood"
"2016-05-01_R6_West Coast-v-Collingwood",2016,6,"West Coast","Collingwood",4,124,62,52,9,43,"West Coast"
"2016-05-06_R7_Richmond-v-Hawthorn",2016,7,"Richmond","Hawthorn",1,22,26,22,26,-4,"Hawthorn"
"2016-05-06_R7_Richmond-v-Hawthorn",2016,7,"Richmond","Hawthorn",2,43,58,21,32,-11,"Hawthorn"
"2016-05-06_R7_Richmond-v-Hawthorn",2016,7,"Richmond","Hawthorn",3,71,80,28,22,6,"Richmond"
"2016-05-06_R7_Richmond-v-Hawthorn",2016,7,"Richmond","Hawthorn",4,90,136,19,56,-37,"Hawthorn"
"2016-05-07_R7_Collingwood-v-Carlton",2016,7,"Collingwood","Carlton",1,20,22,20,22,-2,"Carlton"
"2016-05-07_R7_Collingwood-v-Carlton",2016,7,"Collingwood","Carlton",2,42,53,22,31,-9,"Carlton"
"2016-05-07_R7_Collingwood-v-Carlton",2016,7,"Collingwood","Carlton",3,67,86,25,33,-8,"Carlton"
"2016-05-07_R7_Collingwood-v-Carlton",2016,7,"Collingwood","Carlton",4,84,99,17,13,4,"Collingwood"
"2016-05-07_R7_Fremantle-v-Greater Western Sydney",2016,7,"Fremantle","Greater Western Sydney",1,31,31,31,31,0,"Draw"
"2016-05-07_R7_Fremantle-v-Greater Western Sydney",2016,7,"Fremantle","Greater Western Sydney",2,44,64,13,33,-20,"Greater Western Sydney"
"2016-05-07_R7_Fremantle-v-Greater Western Sydney",2016,7,"Fremantle","Greater Western Sydney",3,62,84,18,20,-2,"Greater Western Sydney"
"2016-05-07_R7_Fremantle-v-Greater Western Sydney",2016,7,"Fremantle","Greater Western Sydney",4,77,95,15,11,4,"Fremantle"
"2016-05-07_R7_Geelong-v-West Coast",2016,7,"Geelong","West Coast",1,16,19,16,19,-3,"West Coast"
"2016-05-07_R7_Geelong-v-West Coast",2016,7,"Geelong","West Coast",2,61,26,45,7,38,"Geelong"
"2016-05-07_R7_Geelong-v-West Coast",2016,7,"Geelong","West Coast",3,83,59,22,33,-11,"West Coast"
"2016-05-07_R7_Geelong-v-West Coast",2016,7,"Geelong","West Coast",4,123,79,40,20,20,"Geelong"
"2016-05-07_R7_Gold Coast-v-Melbourne",2016,7,"Gold Coast","Melbourne",1,26,15,26,15,11,"Gold Coast"
"2016-05-07_R7_Gold Coast-v-Melbourne",2016,7,"Gold Coast","Melbourne",2,50,55,24,40,-16,"Melbourne"
"2016-05-07_R7_Gold Coast-v-Melbourne",2016,7,"Gold Coast","Melbourne",3,69,113,19,58,-39,"Melbourne"
"2016-05-07_R7_Gold Coast-v-Melbourne",2016,7,"Gold Coast","Melbourne",4,87,160,18,47,-29,"Melbourne"
"2016-05-07_R7_Sydney-v-Essendon",2016,7,"Sydney","Essendon",1,27,21,27,21,6,"Sydney"
"2016-05-07_R7_Sydney-v-Essendon",2016,7,"Sydney","Essendon",2,52,35,25,14,11,"Sydney"
"2016-05-07_R7_Sydney-v-Essendon",2016,7,"Sydney","Essendon",3,84,44,32,9,23,"Sydney"
"2016-05-07_R7_Sydney-v-Essendon",2016,7,"Sydney","Essendon",4,135,53,51,9,42,"Sydney"
"2016-05-07_R7_Western Bulldogs-v-Adelaide",2016,7,"Western Bulldogs","Adelaide",1,39,15,39,15,24,"Western Bulldogs"
"2016-05-07_R7_Western Bulldogs-v-Adelaide",2016,7,"Western Bulldogs","Adelaide",2,61,41,22,26,-4,"Adelaide"
"2016-05-07_R7_Western Bulldogs-v-Adelaide",2016,7,"Western Bulldogs","Adelaide",3,95,77,34,36,-2,"Adelaide"
"2016-05-07_R7_Western Bulldogs-v-Adelaide",2016,7,"Western Bulldogs","Adelaide",4,123,108,28,31,-3,"Adelaide"
"2016-05-08_R7_Port Adelaide-v-Brisbane Lions",2016,7,"Port Adelaide","Brisbane",1,19,28,19,28,-9,"Brisbane"
"2016-05-08_R7_Port Adelaide-v-Brisbane Lions",2016,7,"Port Adelaide","Brisbane",2,65,36,46,8,38,"Port Adelaide"
"2016-05-08_R7_Port Adelaide-v-Brisbane Lions",2016,7,"Port Adelaide","Brisbane",3,91,43,26,7,19,"Port Adelaide"
"2016-05-08_R7_Port Adelaide-v-Brisbane Lions",2016,7,"Port Adelaide","Brisbane",4,136,59,45,16,29,"Port Adelaide"
"2016-05-08_R7_St Kilda-v-North Melbourne",2016,7,"St Kilda","North Melbourne",1,15,29,15,29,-14,"North Melbourne"
"2016-05-08_R7_St Kilda-v-North Melbourne",2016,7,"St Kilda","North Melbourne",2,25,44,10,15,-5,"North Melbourne"
"2016-05-08_R7_St Kilda-v-North Melbourne",2016,7,"St Kilda","North Melbourne",3,49,66,24,22,2,"St Kilda"
"2016-05-08_R7_St Kilda-v-North Melbourne",2016,7,"St Kilda","North Melbourne",4,75,82,26,16,10,"St Kilda"
"2016-05-13_R8_Adelaide-v-Geelong",2016,8,"Adelaide","Geelong",1,13,26,13,26,-13,"Geelong"
"2016-05-13_R8_Adelaide-v-Geelong",2016,8,"Adelaide","Geelong",2,31,43,18,17,1,"Adelaide"
"2016-05-13_R8_Adelaide-v-Geelong",2016,8,"Adelaide","Geelong",3,69,71,38,28,10,"Adelaide"
"2016-05-13_R8_Adelaide-v-Geelong",2016,8,"Adelaide","Geelong",4,72,98,3,27,-24,"Geelong"
"2016-05-14_R8_Brisbane Lions-v-Collingwood",2016,8,"Brisbane","Collingwood",1,0,33,0,33,-33,"Collingwood"
"2016-05-14_R8_Brisbane Lions-v-Collingwood",2016,8,"Brisbane","Collingwood",2,18,83,18,50,-32,"Collingwood"
"2016-05-14_R8_Brisbane Lions-v-Collingwood",2016,8,"Brisbane","Collingwood",3,44,112,26,29,-3,"Collingwood"
"2016-05-14_R8_Brisbane Lions-v-Collingwood",2016,8,"Brisbane","Collingwood",4,65,143,21,31,-10,"Collingwood"
"2016-05-14_R8_Essendon-v-North Melbourne",2016,8,"Essendon","North Melbourne",1,2,26,2,26,-24,"North Melbourne"
"2016-05-14_R8_Essendon-v-North Melbourne",2016,8,"Essendon","North Melbourne",2,4,54,2,28,-26,"North Melbourne"
"2016-05-14_R8_Essendon-v-North Melbourne",2016,8,"Essendon","North Melbourne",3,35,70,31,16,15,"Essendon"
"2016-05-14_R8_Essendon-v-North Melbourne",2016,8,"Essendon","North Melbourne",4,60,74,25,4,21,"Essendon"
"2016-05-14_R8_Hawthorn-v-Fremantle",2016,8,"Hawthorn","Fremantle",1,27,18,27,18,9,"Hawthorn"
"2016-05-14_R8_Hawthorn-v-Fremantle",2016,8,"Hawthorn","Fremantle",2,42,44,15,26,-11,"Fremantle"
"2016-05-14_R8_Hawthorn-v-Fremantle",2016,8,"Hawthorn","Fremantle",3,97,46,55,2,53,"Hawthorn"
"2016-05-14_R8_Hawthorn-v-Fremantle",2016,8,"Hawthorn","Fremantle",4,116,75,19,29,-10,"Fremantle"
"2016-05-14_R8_Richmond-v-Sydney",2016,8,"Richmond","Sydney",1,23,33,23,33,-10,"Sydney"
"2016-05-14_R8_Richmond-v-Sydney",2016,8,"Richmond","Sydney",2,46,41,23,8,15,"Richmond"
"2016-05-14_R8_Richmond-v-Sydney",2016,8,"Richmond","Sydney",3,57,75,11,34,-23,"Sydney"
"2016-05-14_R8_Richmond-v-Sydney",2016,8,"Richmond","Sydney",4,101,100,44,25,19,"Richmond"
"2016-05-15_R8_Carlton-v-Port Adelaide",2016,8,"Carlton","Port Adelaide",1,20,29,20,29,-9,"Port Adelaide"
"2016-05-15_R8_Carlton-v-Port Adelaide",2016,8,"Carlton","Port Adelaide",2,46,57,26,28,-2,"Port Adelaide"
"2016-05-15_R8_Carlton-v-Port Adelaide",2016,8,"Carlton","Port Adelaide",3,67,72,21,15,6,"Carlton"
"2016-05-15_R8_Carlton-v-Port Adelaide",2016,8,"Carlton","Port Adelaide",4,93,91,26,19,7,"Carlton"
"2016-05-15_R8_Melbourne-v-Western Bulldogs",2016,8,"Melbourne","Western Bulldogs",1,14,35,14,35,-21,"Western Bulldogs"
"2016-05-15_R8_Melbourne-v-Western Bulldogs",2016,8,"Melbourne","Western Bulldogs",2,35,57,21,22,-1,"Western Bulldogs"
"2016-05-15_R8_Melbourne-v-Western Bulldogs",2016,8,"Melbourne","Western Bulldogs",3,51,82,16,25,-9,"Western Bulldogs"
"2016-05-15_R8_Melbourne-v-Western Bulldogs",2016,8,"Melbourne","Western Bulldogs",4,82,114,31,32,-1,"Western Bulldogs"
"2016-05-15_R8_West Coast-v-St Kilda",2016,8,"West Coast","St Kilda",1,57,9,57,9,48,"West Coast"
"2016-05-15_R8_West Coast-v-St Kilda",2016,8,"West Coast","St Kilda",2,77,15,20,6,14,"West Coast"
"2016-05-15_R8_West Coast-v-St Kilda",2016,8,"West Coast","St Kilda",3,98,21,21,6,15,"West Coast"
"2016-05-15_R8_West Coast-v-St Kilda",2016,8,"West Coast","St Kilda",4,132,29,34,8,26,"West Coast"
"2016-05-20_R9_Hawthorn-v-Sydney",2016,9,"Hawthorn","Sydney",1,2,8,2,8,-6,"Sydney"
"2016-05-20_R9_Hawthorn-v-Sydney",2016,9,"Hawthorn","Sydney",2,16,41,14,33,-19,"Sydney"
"2016-05-20_R9_Hawthorn-v-Sydney",2016,9,"Hawthorn","Sydney",3,37,48,21,7,14,"Hawthorn"
"2016-05-20_R9_Hawthorn-v-Sydney",2016,9,"Hawthorn","Sydney",4,55,69,18,21,-3,"Sydney"
"2016-05-21_R9_Collingwood-v-Geelong",2016,9,"Collingwood","Geelong",1,47,3,47,3,44,"Collingwood"
"2016-05-21_R9_Collingwood-v-Geelong",2016,9,"Collingwood","Geelong",2,59,25,12,22,-10,"Geelong"
"2016-05-21_R9_Collingwood-v-Geelong",2016,9,"Collingwood","Geelong",3,73,46,14,21,-7,"Geelong"
"2016-05-21_R9_Collingwood-v-Geelong",2016,9,"Collingwood","Geelong",4,104,80,31,34,-3,"Geelong"
"2016-05-21_R9_Fremantle-v-Richmond",2016,9,"Fremantle","Richmond",1,7,15,7,15,-8,"Richmond"
"2016-05-21_R9_Fremantle-v-Richmond",2016,9,"Fremantle","Richmond",2,15,46,8,31,-23,"Richmond"
"2016-05-21_R9_Fremantle-v-Richmond",2016,9,"Fremantle","Richmond",3,37,64,22,18,4,"Fremantle"
"2016-05-21_R9_Fremantle-v-Richmond",2016,9,"Fremantle","Richmond",4,45,83,8,19,-11,"Richmond"
"2016-05-21_R9_Gold Coast-v-Adelaide",2016,9,"Gold Coast","Adelaide",1,8,29,8,29,-21,"Adelaide"
"2016-05-21_R9_Gold Coast-v-Adelaide",2016,9,"Gold Coast","Adelaide",2,27,80,19,51,-32,"Adelaide"
"2016-05-21_R9_Gold Coast-v-Adelaide",2016,9,"Gold Coast","Adelaide",3,46,120,19,40,-21,"Adelaide"
"2016-05-21_R9_Gold Coast-v-Adelaide",2016,9,"Gold Coast","Adelaide",4,74,149,28,29,-1,"Adelaide"
"2016-05-21_R9_North Melbourne-v-Carlton",2016,9,"North Melbourne","Carlton",1,33,14,33,14,19,"North Melbourne"
"2016-05-21_R9_North Melbourne-v-Carlton",2016,9,"North Melbourne","Carlton",2,57,22,24,8,16,"North Melbourne"
"2016-05-21_R9_North Melbourne-v-Carlton",2016,9,"North Melbourne","Carlton",3,88,41,31,19,12,"North Melbourne"
"2016-05-21_R9_North Melbourne-v-Carlton",2016,9,"North Melbourne","Carlton",4,113,46,25,5,20,"North Melbourne"
"2016-05-21_R9_Port Adelaide-v-West Coast",2016,9,"Port Adelaide","West Coast",1,19,32,19,32,-13,"West Coast"
"2016-05-21_R9_Port Adelaide-v-West Coast",2016,9,"Port Adelaide","West Coast",2,33,58,14,26,-12,"West Coast"
"2016-05-21_R9_Port Adelaide-v-West Coast",2016,9,"Port Adelaide","West Coast",3,60,79,27,21,6,"Port Adelaide"
"2016-05-21_R9_Port Adelaide-v-West Coast",2016,9,"Port Adelaide","West Coast",4,86,94,26,15,11,"Port Adelaide"
"2016-05-22_R9_Greater Western Sydney-v-Western Bulldogs",2016,9,"Greater Western Sydney","Western Bulldogs",1,27,22,27,22,5,"Greater Western Sydney"
"2016-05-22_R9_Greater Western Sydney-v-Western Bulldogs",2016,9,"Greater Western Sydney","Western Bulldogs",2,59,42,32,20,12,"Greater Western Sydney"
"2016-05-22_R9_Greater Western Sydney-v-Western Bulldogs",2016,9,"Greater Western Sydney","Western Bulldogs",3,85,51,26,9,17,"Greater Western Sydney"
"2016-05-22_R9_Greater Western Sydney-v-Western Bulldogs",2016,9,"Greater Western Sydney","Western Bulldogs",4,98,73,13,22,-9,"Western Bulldogs"
"2016-05-22_R9_Melbourne-v-Brisbane Lions",2016,9,"Melbourne","Brisbane",1,36,15,36,15,21,"Melbourne"
"2016-05-22_R9_Melbourne-v-Brisbane Lions",2016,9,"Melbourne","Brisbane",2,67,35,31,20,11,"Melbourne"
"2016-05-22_R9_Melbourne-v-Brisbane Lions",2016,9,"Melbourne","Brisbane",3,88,46,21,11,10,"Melbourne"
"2016-05-22_R9_Melbourne-v-Brisbane Lions",2016,9,"Melbourne","Brisbane",4,131,68,43,22,21,"Melbourne"
"2016-05-22_R9_St Kilda-v-Essendon",2016,9,"St Kilda","Essendon",1,17,10,17,10,7,"St Kilda"
"2016-05-22_R9_St Kilda-v-Essendon",2016,9,"St Kilda","Essendon",2,39,29,22,19,3,"St Kilda"
"2016-05-22_R9_St Kilda-v-Essendon",2016,9,"St Kilda","Essendon",3,82,50,43,21,22,"St Kilda"
"2016-05-22_R9_St Kilda-v-Essendon",2016,9,"St Kilda","Essendon",4,109,63,27,13,14,"St Kilda"
"2016-05-27_R10_Sydney-v-North Melbourne",2016,10,"Sydney","North Melbourne",1,37,14,37,14,23,"Sydney"
"2016-05-27_R10_Sydney-v-North Melbourne",2016,10,"Sydney","North Melbourne",2,50,41,13,27,-14,"North Melbourne"
"2016-05-27_R10_Sydney-v-North Melbourne",2016,10,"Sydney","North Melbourne",3,75,49,25,8,17,"Sydney"
"2016-05-27_R10_Sydney-v-North Melbourne",2016,10,"Sydney","North Melbourne",4,91,65,16,16,0,"Draw"
"2016-05-28_R10_Adelaide-v-Greater Western Sydney",2016,10,"Adelaide","Greater Western Sydney",1,30,13,30,13,17,"Adelaide"
"2016-05-28_R10_Adelaide-v-Greater Western Sydney",2016,10,"Adelaide","Greater Western Sydney",2,47,45,17,32,-15,"Greater Western Sydney"
"2016-05-28_R10_Adelaide-v-Greater Western Sydney",2016,10,"Adelaide","Greater Western Sydney",3,97,51,50,6,44,"Adelaide"
"2016-05-28_R10_Adelaide-v-Greater Western Sydney",2016,10,"Adelaide","Greater Western Sydney",4,107,85,10,34,-24,"Greater Western Sydney"
"2016-05-28_R10_Brisbane Lions-v-Hawthorn",2016,10,"Brisbane","Hawthorn",1,16,25,16,25,-9,"Hawthorn"
"2016-05-28_R10_Brisbane Lions-v-Hawthorn",2016,10,"Brisbane","Hawthorn",2,54,58,38,33,5,"Brisbane"
"2016-05-28_R10_Brisbane Lions-v-Hawthorn",2016,10,"Brisbane","Hawthorn",3,67,79,13,21,-8,"Hawthorn"
"2016-05-28_R10_Brisbane Lions-v-Hawthorn",2016,10,"Brisbane","Hawthorn",4,87,135,20,56,-36,"Hawthorn"
"2016-05-28_R10_Essendon-v-Richmond",2016,10,"Essendon","Richmond",1,19,39,19,39,-20,"Richmond"
"2016-05-28_R10_Essendon-v-Richmond",2016,10,"Essendon","Richmond",2,38,54,19,15,4,"Essendon"
"2016-05-28_R10_Essendon-v-Richmond",2016,10,"Essendon","Richmond",3,51,92,13,38,-25,"Richmond"
"2016-05-28_R10_Essendon-v-Richmond",2016,10,"Essendon","Richmond",4,67,105,16,13,3,"Essendon"
"2016-05-28_R10_Melbourne-v-Port Adelaide",2016,10,"Melbourne","Port Adelaide",1,19,16,19,16,3,"Melbourne"
"2016-05-28_R10_Melbourne-v-Port Adelaide",2016,10,"Melbourne","Port Adelaide",2,33,54,14,38,-24,"Port Adelaide"
"2016-05-28_R10_Melbourne-v-Port Adelaide",2016,10,"Melbourne","Port Adelaide",3,60,77,27,23,4,"Melbourne"
"2016-05-28_R10_Melbourne-v-Port Adelaide",2016,10,"Melbourne","Port Adelaide",4,70,115,10,38,-28,"Port Adelaide"
"2016-05-28_R10_St Kilda-v-Fremantle",2016,10,"St Kilda","Fremantle",1,34,18,34,18,16,"St Kilda"
"2016-05-28_R10_St Kilda-v-Fremantle",2016,10,"St Kilda","Fremantle",2,44,43,10,25,-15,"Fremantle"
"2016-05-28_R10_St Kilda-v-Fremantle",2016,10,"St Kilda","Fremantle",3,51,64,7,21,-14,"Fremantle"
"2016-05-28_R10_St Kilda-v-Fremantle",2016,10,"St Kilda","Fremantle",4,101,67,50,3,47,"St Kilda"
"2016-05-29_R10_Carlton-v-Geelong",2016,10,"Carlton","Geelong",1,24,24,24,24,0,"Draw"
"2016-05-29_R10_Carlton-v-Geelong",2016,10,"Carlton","Geelong",2,64,44,40,20,20,"Carlton"
"2016-05-29_R10_Carlton-v-Geelong",2016,10,"Carlton","Geelong",3,84,65,20,21,-1,"Geelong"
"2016-05-29_R10_Carlton-v-Geelong",2016,10,"Carlton","Geelong",4,104,85,20,20,0,"Draw"
"2016-05-29_R10_Collingwood-v-Western Bulldogs",2016,10,"Collingwood","Western Bulldogs",1,19,18,19,18,1,"Collingwood"
"2016-05-29_R10_Collingwood-v-Western Bulldogs",2016,10,"Collingwood","Western Bulldogs",2,31,26,12,8,4,"Collingwood"
"2016-05-29_R10_Collingwood-v-Western Bulldogs",2016,10,"Collingwood","Western Bulldogs",3,44,41,13,15,-2,"Western Bulldogs"
"2016-05-29_R10_Collingwood-v-Western Bulldogs",2016,10,"Collingwood","Western Bulldogs",4,53,74,9,33,-24,"Western Bulldogs"
"2016-05-29_R10_West Coast-v-Gold Coast",2016,10,"West Coast","Gold Coast",1,36,16,36,16,20,"West Coast"
"2016-05-29_R10_West Coast-v-Gold Coast",2016,10,"West Coast","Gold Coast",2,62,19,26,3,23,"West Coast"
"2016-05-29_R10_West Coast-v-Gold Coast",2016,10,"West Coast","Gold Coast",3,93,43,31,24,7,"West Coast"
"2016-05-29_R10_West Coast-v-Gold Coast",2016,10,"West Coast","Gold Coast",4,132,55,39,12,27,"West Coast"
"2016-06-03_R11_North Melbourne-v-Richmond",2016,11,"North Melbourne","Richmond",1,34,11,34,11,23,"North Melbourne"
"2016-06-03_R11_North Melbourne-v-Richmond",2016,11,"North Melbourne","Richmond",2,51,26,17,15,2,"North Melbourne"
"2016-06-03_R11_North Melbourne-v-Richmond",2016,11,"North Melbourne","Richmond",3,91,34,40,8,32,"North Melbourne"
"2016-06-03_R11_North Melbourne-v-Richmond",2016,11,"North Melbourne","Richmond",4,124,54,33,20,13,"North Melbourne"
"2016-06-04_R11_Carlton-v-Brisbane Lions",2016,11,"Carlton","Brisbane",1,27,3,27,3,24,"Carlton"
"2016-06-04_R11_Carlton-v-Brisbane Lions",2016,11,"Carlton","Brisbane",2,52,13,25,10,15,"Carlton"
"2016-06-04_R11_Carlton-v-Brisbane Lions",2016,11,"Carlton","Brisbane",3,76,37,24,24,0,"Draw"
"2016-06-04_R11_Carlton-v-Brisbane Lions",2016,11,"Carlton","Brisbane",4,102,64,26,27,-1,"Brisbane"
"2016-06-04_R11_Fremantle-v-Essendon",2016,11,"Fremantle","Essendon",1,31,9,31,9,22,"Fremantle"
"2016-06-04_R11_Fremantle-v-Essendon",2016,11,"Fremantle","Essendon",2,68,22,37,13,24,"Fremantle"
"2016-06-04_R11_Fremantle-v-Essendon",2016,11,"Fremantle","Essendon",3,112,31,44,9,35,"Fremantle"
"2016-06-04_R11_Fremantle-v-Essendon",2016,11,"Fremantle","Essendon",4,126,41,14,10,4,"Fremantle"
"2016-06-04_R11_Geelong-v-Greater Western Sydney",2016,11,"Geelong","Greater Western Sydney",1,15,26,15,26,-11,"Greater Western Sydney"
"2016-06-04_R11_Geelong-v-Greater Western Sydney",2016,11,"Geelong","Greater Western Sydney",2,43,38,28,12,16,"Geelong"
"2016-06-04_R11_Geelong-v-Greater Western Sydney",2016,11,"Geelong","Greater Western Sydney",3,64,62,21,24,-3,"Greater Western Sydney"
"2016-06-04_R11_Geelong-v-Greater Western Sydney",2016,11,"Geelong","Greater Western Sydney",4,98,88,34,26,8,"Geelong"
"2016-06-04_R11_Gold Coast-v-Sydney",2016,11,"Gold Coast","Sydney",1,20,9,20,9,11,"Gold Coast"
"2016-06-04_R11_Gold Coast-v-Sydney",2016,11,"Gold Coast","Sydney",2,29,42,9,33,-24,"Sydney"
"2016-06-04_R11_Gold Coast-v-Sydney",2016,11,"Gold Coast","Sydney",3,35,61,6,19,-13,"Sydney"
"2016-06-04_R11_Gold Coast-v-Sydney",2016,11,"Gold Coast","Sydney",4,41,79,6,18,-12,"Sydney"
"2016-06-04_R11_Hawthorn-v-Melbourne",2016,11,"Hawthorn","Melbourne",1,29,12,29,12,17,"Hawthorn"
"2016-06-04_R11_Hawthorn-v-Melbourne",2016,11,"Hawthorn","Melbourne",2,43,44,14,32,-18,"Melbourne"
"2016-06-04_R11_Hawthorn-v-Melbourne",2016,11,"Hawthorn","Melbourne",3,62,62,19,18,1,"Hawthorn"
"2016-06-04_R11_Hawthorn-v-Melbourne",2016,11,"Hawthorn","Melbourne",4,82,64,20,2,18,"Hawthorn"
"2016-06-05_R11_Adelaide-v-St Kilda",2016,11,"Adelaide","St Kilda",1,41,8,41,8,33,"Adelaide"
"2016-06-05_R11_Adelaide-v-St Kilda",2016,11,"Adelaide","St Kilda",2,77,26,36,18,18,"Adelaide"
"2016-06-05_R11_Adelaide-v-St Kilda",2016,11,"Adelaide","St Kilda",3,110,35,33,9,24,"Adelaide"
"2016-06-05_R11_Adelaide-v-St Kilda",2016,11,"Adelaide","St Kilda",4,133,45,23,10,13,"Adelaide"
"2016-06-05_R11_Collingwood-v-Port Adelaide",2016,11,"Collingwood","Port Adelaide",1,21,32,21,32,-11,"Port Adelaide"
"2016-06-05_R11_Collingwood-v-Port Adelaide",2016,11,"Collingwood","Port Adelaide",2,40,64,19,32,-13,"Port Adelaide"
"2016-06-05_R11_Collingwood-v-Port Adelaide",2016,11,"Collingwood","Port Adelaide",3,49,98,9,34,-25,"Port Adelaide"
"2016-06-05_R11_Collingwood-v-Port Adelaide",2016,11,"Collingwood","Port Adelaide",4,58,124,9,26,-17,"Port Adelaide"
"2016-06-05_R11_Western Bulldogs-v-West Coast",2016,11,"Western Bulldogs","West Coast",1,25,28,25,28,-3,"West Coast"
"2016-06-05_R11_Western Bulldogs-v-West Coast",2016,11,"Western Bulldogs","West Coast",2,42,34,17,6,11,"Western Bulldogs"
"2016-06-05_R11_Western Bulldogs-v-West Coast",2016,11,"Western Bulldogs","West Coast",3,67,54,25,20,5,"Western Bulldogs"
"2016-06-05_R11_Western Bulldogs-v-West Coast",2016,11,"Western Bulldogs","West Coast",4,83,75,16,21,-5,"West Coast"
"2016-06-10_R12_Essendon-v-Hawthorn",2016,12,"Essendon","Hawthorn",1,13,43,13,43,-30,"Hawthorn"
"2016-06-10_R12_Essendon-v-Hawthorn",2016,12,"Essendon","Hawthorn",2,27,85,14,42,-28,"Hawthorn"
"2016-06-10_R12_Essendon-v-Hawthorn",2016,12,"Essendon","Hawthorn",3,35,111,8,26,-18,"Hawthorn"
"2016-06-10_R12_Essendon-v-Hawthorn",2016,12,"Essendon","Hawthorn",4,43,151,8,40,-32,"Hawthorn"
"2016-06-11_R12_Brisbane Lions-v-Fremantle",2016,12,"Brisbane","Fremantle",1,21,21,21,21,0,"Draw"
"2016-06-11_R12_Brisbane Lions-v-Fremantle",2016,12,"Brisbane","Fremantle",2,30,75,9,54,-45,"Fremantle"
"2016-06-11_R12_Brisbane Lions-v-Fremantle",2016,12,"Brisbane","Fremantle",3,48,115,18,40,-22,"Fremantle"
"2016-06-11_R12_Brisbane Lions-v-Fremantle",2016,12,"Brisbane","Fremantle",4,64,147,16,32,-16,"Fremantle"
"2016-06-11_R12_Geelong-v-North Melbourne",2016,12,"Geelong","North Melbourne",1,28,24,28,24,4,"Geelong"
"2016-06-11_R12_Geelong-v-North Melbourne",2016,12,"Geelong","North Melbourne",2,39,49,11,25,-14,"North Melbourne"
"2016-06-11_R12_Geelong-v-North Melbourne",2016,12,"Geelong","North Melbourne",3,83,68,44,19,25,"Geelong"
"2016-06-11_R12_Geelong-v-North Melbourne",2016,12,"Geelong","North Melbourne",4,105,74,22,6,16,"Geelong"
"2016-06-11_R12_Port Adelaide-v-Western Bulldogs",2016,12,"Port Adelaide","Western Bulldogs",1,27,37,27,37,-10,"Western Bulldogs"
"2016-06-11_R12_Port Adelaide-v-Western Bulldogs",2016,12,"Port Adelaide","Western Bulldogs",2,43,45,16,8,8,"Port Adelaide"
"2016-06-11_R12_Port Adelaide-v-Western Bulldogs",2016,12,"Port Adelaide","Western Bulldogs",3,75,66,32,21,11,"Port Adelaide"
"2016-06-11_R12_Port Adelaide-v-Western Bulldogs",2016,12,"Port Adelaide","Western Bulldogs",4,97,100,22,34,-12,"Western Bulldogs"
"2016-06-11_R12_West Coast-v-Adelaide",2016,12,"West Coast","Adelaide",1,36,19,36,19,17,"West Coast"
"2016-06-11_R12_West Coast-v-Adelaide",2016,12,"West Coast","Adelaide",2,60,41,24,22,2,"West Coast"
"2016-06-11_R12_West Coast-v-Adelaide",2016,12,"West Coast","Adelaide",3,76,64,16,23,-7,"Adelaide"
"2016-06-11_R12_West Coast-v-Adelaide",2016,12,"West Coast","Adelaide",4,76,105,0,41,-41,"Adelaide"
"2016-06-12_R12_Greater Western Sydney-v-Sydney",2016,12,"Greater Western Sydney","Sydney",1,16,15,16,15,1,"Greater Western Sydney"
"2016-06-12_R12_Greater Western Sydney-v-Sydney",2016,12,"Greater Western Sydney","Sydney",2,42,30,26,15,11,"Greater Western Sydney"
"2016-06-12_R12_Greater Western Sydney-v-Sydney",2016,12,"Greater Western Sydney","Sydney",3,71,51,29,21,8,"Greater Western Sydney"
"2016-06-12_R12_Greater Western Sydney-v-Sydney",2016,12,"Greater Western Sydney","Sydney",4,105,63,34,12,22,"Greater Western Sydney"
"2016-06-12_R12_Richmond-v-Gold Coast",2016,12,"Richmond","Gold Coast",1,26,20,26,20,6,"Richmond"
"2016-06-12_R12_Richmond-v-Gold Coast",2016,12,"Richmond","Gold Coast",2,55,39,29,19,10,"Richmond"
"2016-06-12_R12_Richmond-v-Gold Coast",2016,12,"Richmond","Gold Coast",3,63,73,8,34,-26,"Gold Coast"
"2016-06-12_R12_Richmond-v-Gold Coast",2016,12,"Richmond","Gold Coast",4,114,97,51,24,27,"Richmond"
"2016-06-12_R12_St Kilda-v-Carlton",2016,12,"St Kilda","Carlton",1,26,18,26,18,8,"St Kilda"
"2016-06-12_R12_St Kilda-v-Carlton",2016,12,"St Kilda","Carlton",2,51,32,25,14,11,"St Kilda"
"2016-06-12_R12_St Kilda-v-Carlton",2016,12,"St Kilda","Carlton",3,92,51,41,19,22,"St Kilda"
"2016-06-12_R12_St Kilda-v-Carlton",2016,12,"St Kilda","Carlton",4,110,78,18,27,-9,"Carlton"
"2016-06-13_R12_Melbourne-v-Collingwood",2016,12,"Melbourne","Collingwood",1,16,28,16,28,-12,"Collingwood"
"2016-06-13_R12_Melbourne-v-Collingwood",2016,12,"Melbourne","Collingwood",2,60,34,44,6,38,"Melbourne"
"2016-06-13_R12_Melbourne-v-Collingwood",2016,12,"Melbourne","Collingwood",3,73,42,13,8,5,"Melbourne"
"2016-06-13_R12_Melbourne-v-Collingwood",2016,12,"Melbourne","Collingwood",4,104,58,31,16,15,"Melbourne"
"2016-06-17_R13_North Melbourne-v-Hawthorn",2016,13,"North Melbourne","Hawthorn",1,23,8,23,8,15,"North Melbourne"
"2016-06-17_R13_North Melbourne-v-Hawthorn",2016,13,"North Melbourne","Hawthorn",2,35,33,12,25,-13,"Hawthorn"
"2016-06-17_R13_North Melbourne-v-Hawthorn",2016,13,"North Melbourne","Hawthorn",3,57,64,22,31,-9,"Hawthorn"
"2016-06-17_R13_North Melbourne-v-Hawthorn",2016,13,"North Melbourne","Hawthorn",4,84,93,27,29,-2,"Hawthorn"
"2016-06-18_R13_Brisbane Lions-v-West Coast",2016,13,"Brisbane","West Coast",1,26,27,26,27,-1,"West Coast"
"2016-06-18_R13_Brisbane Lions-v-West Coast",2016,13,"Brisbane","West Coast",2,36,72,10,45,-35,"West Coast"
"2016-06-18_R13_Brisbane Lions-v-West Coast",2016,13,"Brisbane","West Coast",3,50,95,14,23,-9,"West Coast"
"2016-06-18_R13_Brisbane Lions-v-West Coast",2016,13,"Brisbane","West Coast",4,82,131,32,36,-4,"West Coast"
"2016-06-18_R13_Fremantle-v-Port Adelaide",2016,13,"Fremantle","Port Adelaide",1,15,21,15,21,-6,"Port Adelaide"
"2016-06-18_R13_Fremantle-v-Port Adelaide",2016,13,"Fremantle","Port Adelaide",2,38,30,23,9,14,"Fremantle"
"2016-06-18_R13_Fremantle-v-Port Adelaide",2016,13,"Fremantle","Port Adelaide",3,75,66,37,36,1,"Fremantle"
"2016-06-18_R13_Fremantle-v-Port Adelaide",2016,13,"Fremantle","Port Adelaide",4,86,69,11,3,8,"Fremantle"
"2016-06-18_R13_Western Bulldogs-v-Geelong",2016,13,"Western Bulldogs","Geelong",1,5,33,5,33,-28,"Geelong"
"2016-06-18_R13_Western Bulldogs-v-Geelong",2016,13,"Western Bulldogs","Geelong",2,15,63,10,30,-20,"Geelong"
"2016-06-18_R13_Western Bulldogs-v-Geelong",2016,13,"Western Bulldogs","Geelong",3,42,70,27,7,20,"Western Bulldogs"
"2016-06-18_R13_Western Bulldogs-v-Geelong",2016,13,"Western Bulldogs","Geelong",4,43,100,1,30,-29,"Geelong"
"2016-06-19_R13_Essendon-v-Greater Western Sydney",2016,13,"Essendon","Greater Western Sydney",1,29,19,29,19,10,"Essendon"
"2016-06-19_R13_Essendon-v-Greater Western Sydney",2016,13,"Essendon","Greater Western Sydney",2,62,50,33,31,2,"Essendon"
"2016-06-19_R13_Essendon-v-Greater Western Sydney",2016,13,"Essendon","Greater Western Sydney",3,71,79,9,29,-20,"Greater Western Sydney"
"2016-06-19_R13_Essendon-v-Greater Western Sydney",2016,13,"Essendon","Greater Western Sydney",4,90,117,19,38,-19,"Greater Western Sydney"
"2016-06-19_R13_Sydney-v-Melbourne",2016,13,"Sydney","Melbourne",1,18,7,18,7,11,"Sydney"
"2016-06-19_R13_Sydney-v-Melbourne",2016,13,"Sydney","Melbourne",2,32,15,14,8,6,"Sydney"
"2016-06-19_R13_Sydney-v-Melbourne",2016,13,"Sydney","Melbourne",3,49,24,17,9,8,"Sydney"
"2016-06-19_R13_Sydney-v-Melbourne",2016,13,"Sydney","Melbourne",4,86,31,37,7,30,"Sydney"
"2016-06-23_R14_Adelaide-v-North Melbourne",2016,14,"Adelaide","North Melbourne",1,26,8,26,8,18,"Adelaide"
"2016-06-23_R14_Adelaide-v-North Melbourne",2016,14,"Adelaide","North Melbourne",2,37,41,11,33,-22,"North Melbourne"
"2016-06-23_R14_Adelaide-v-North Melbourne",2016,14,"Adelaide","North Melbourne",3,66,60,29,19,10,"Adelaide"
"2016-06-23_R14_Adelaide-v-North Melbourne",2016,14,"Adelaide","North Melbourne",4,100,67,34,7,27,"Adelaide"
"2016-06-24_R14_Collingwood-v-Fremantle",2016,14,"Collingwood","Fremantle",1,22,1,22,1,21,"Collingwood"
"2016-06-24_R14_Collingwood-v-Fremantle",2016,14,"Collingwood","Fremantle",2,50,10,28,9,19,"Collingwood"
"2016-06-24_R14_Collingwood-v-Fremantle",2016,14,"Collingwood","Fremantle",3,52,23,2,13,-11,"Fremantle"
"2016-06-24_R14_Collingwood-v-Fremantle",2016,14,"Collingwood","Fremantle",4,85,37,33,14,19,"Collingwood"
"2016-06-25_R14_Greater Western Sydney-v-Carlton",2016,14,"Greater Western Sydney","Carlton",1,43,20,43,20,23,"Greater Western Sydney"
"2016-06-25_R14_Greater Western Sydney-v-Carlton",2016,14,"Greater Western Sydney","Carlton",2,59,35,16,15,1,"Greater Western Sydney"
"2016-06-25_R14_Greater Western Sydney-v-Carlton",2016,14,"Greater Western Sydney","Carlton",3,80,51,21,16,5,"Greater Western Sydney"
"2016-06-25_R14_Greater Western Sydney-v-Carlton",2016,14,"Greater Western Sydney","Carlton",4,127,65,47,14,33,"Greater Western Sydney"
"2016-06-25_R14_Richmond-v-Brisbane Lions",2016,14,"Richmond","Brisbane",1,34,12,34,12,22,"Richmond"
"2016-06-25_R14_Richmond-v-Brisbane Lions",2016,14,"Richmond","Brisbane",2,62,24,28,12,16,"Richmond"
"2016-06-25_R14_Richmond-v-Brisbane Lions",2016,14,"Richmond","Brisbane",3,95,39,33,15,18,"Richmond"
"2016-06-25_R14_Richmond-v-Brisbane Lions",2016,14,"Richmond","Brisbane",4,117,75,22,36,-14,"Brisbane"
"2016-06-25_R14_St Kilda-v-Geelong",2016,14,"St Kilda","Geelong",1,26,10,26,10,16,"St Kilda"
"2016-06-25_R14_St Kilda-v-Geelong",2016,14,"St Kilda","Geelong",2,54,30,28,20,8,"St Kilda"
"2016-06-25_R14_St Kilda-v-Geelong",2016,14,"St Kilda","Geelong",3,80,69,26,39,-13,"Geelong"
"2016-06-25_R14_St Kilda-v-Geelong",2016,14,"St Kilda","Geelong",4,93,90,13,21,-8,"Geelong"
"2016-06-26_R14_Hawthorn-v-Gold Coast",2016,14,"Hawthorn","Gold Coast",1,13,28,13,28,-15,"Gold Coast"
"2016-06-26_R14_Hawthorn-v-Gold Coast",2016,14,"Hawthorn","Gold Coast",2,40,41,27,13,14,"Hawthorn"
"2016-06-26_R14_Hawthorn-v-Gold Coast",2016,14,"Hawthorn","Gold Coast",3,58,44,18,3,15,"Hawthorn"
"2016-06-26_R14_Hawthorn-v-Gold Coast",2016,14,"Hawthorn","Gold Coast",4,86,60,28,16,12,"Hawthorn"
"2016-06-30_R15_West Coast-v-Essendon",2016,15,"West Coast","Essendon",1,22,25,22,25,-3,"Essendon"
"2016-06-30_R15_West Coast-v-Essendon",2016,15,"West Coast","Essendon",2,53,35,31,10,21,"West Coast"
"2016-06-30_R15_West Coast-v-Essendon",2016,15,"West Coast","Essendon",3,73,39,20,4,16,"West Coast"
"2016-06-30_R15_West Coast-v-Essendon",2016,15,"West Coast","Essendon",4,130,52,57,13,44,"West Coast"
"2016-07-01_R15_Port Adelaide-v-Richmond",2016,15,"Port Adelaide","Richmond",1,14,20,14,20,-6,"Richmond"
"2016-07-01_R15_Port Adelaide-v-Richmond",2016,15,"Port Adelaide","Richmond",2,56,33,42,13,29,"Port Adelaide"
"2016-07-01_R15_Port Adelaide-v-Richmond",2016,15,"Port Adelaide","Richmond",3,71,48,15,15,0,"Draw"
"2016-07-01_R15_Port Adelaide-v-Richmond",2016,15,"Port Adelaide","Richmond",4,94,56,23,8,15,"Port Adelaide"
"2016-07-02_R15_Carlton-v-Collingwood",2016,15,"Carlton","Collingwood",1,21,23,21,23,-2,"Collingwood"
"2016-07-02_R15_Carlton-v-Collingwood",2016,15,"Carlton","Collingwood",2,30,35,9,12,-3,"Collingwood"
"2016-07-02_R15_Carlton-v-Collingwood",2016,15,"Carlton","Collingwood",3,32,50,2,15,-13,"Collingwood"
"2016-07-02_R15_Carlton-v-Collingwood",2016,15,"Carlton","Collingwood",4,45,57,13,7,6,"Carlton"
"2016-07-02_R15_Gold Coast-v-St Kilda",2016,15,"Gold Coast","St Kilda",1,37,19,37,19,18,"Gold Coast"
"2016-07-02_R15_Gold Coast-v-St Kilda",2016,15,"Gold Coast","St Kilda",2,66,29,29,10,19,"Gold Coast"
"2016-07-02_R15_Gold Coast-v-St Kilda",2016,15,"Gold Coast","St Kilda",3,93,43,27,14,13,"Gold Coast"
"2016-07-02_R15_Gold Coast-v-St Kilda",2016,15,"Gold Coast","St Kilda",4,108,68,15,25,-10,"St Kilda"
"2016-07-02_R15_Sydney-v-Western Bulldogs",2016,15,"Sydney","Western Bulldogs",1,17,8,17,8,9,"Sydney"
"2016-07-02_R15_Sydney-v-Western Bulldogs",2016,15,"Sydney","Western Bulldogs",2,43,33,26,25,1,"Sydney"
"2016-07-02_R15_Sydney-v-Western Bulldogs",2016,15,"Sydney","Western Bulldogs",3,57,70,14,37,-23,"Western Bulldogs"
"2016-07-02_R15_Sydney-v-Western Bulldogs",2016,15,"Sydney","Western Bulldogs",4,79,83,22,13,9,"Sydney"
"2016-07-03_R15_Melbourne-v-Adelaide",2016,15,"Melbourne","Adelaide",1,15,32,15,32,-17,"Adelaide"
"2016-07-03_R15_Melbourne-v-Adelaide",2016,15,"Melbourne","Adelaide",2,64,53,49,21,28,"Melbourne"
"2016-07-03_R15_Melbourne-v-Adelaide",2016,15,"Melbourne","Adelaide",3,89,98,25,45,-20,"Adelaide"
"2016-07-03_R15_Melbourne-v-Adelaide",2016,15,"Melbourne","Adelaide",4,98,120,9,22,-13,"Adelaide"
"2016-07-07_R16_Port Adelaide-v-Hawthorn",2016,16,"Port Adelaide","Hawthorn",1,21,19,21,19,2,"Port Adelaide"
"2016-07-07_R16_Port Adelaide-v-Hawthorn",2016,16,"Port Adelaide","Hawthorn",2,34,40,13,21,-8,"Hawthorn"
"2016-07-07_R16_Port Adelaide-v-Hawthorn",2016,16,"Port Adelaide","Hawthorn",3,46,76,12,36,-24,"Hawthorn"
"2016-07-07_R16_Port Adelaide-v-Hawthorn",2016,16,"Port Adelaide","Hawthorn",4,79,101,33,25,8,"Port Adelaide"
"2016-07-08_R16_Geelong-v-Sydney",2016,16,"Geelong","Sydney",1,19,26,19,26,-7,"Sydney"
"2016-07-08_R16_Geelong-v-Sydney",2016,16,"Geelong","Sydney",2,31,46,12,20,-8,"Sydney"
"2016-07-08_R16_Geelong-v-Sydney",2016,16,"Geelong","Sydney",3,46,73,15,27,-12,"Sydney"
"2016-07-08_R16_Geelong-v-Sydney",2016,16,"Geelong","Sydney",4,60,98,14,25,-11,"Sydney"
"2016-07-09_R16_Gold Coast-v-Brisbane Lions",2016,16,"Gold Coast","Brisbane",1,38,16,38,16,22,"Gold Coast"
"2016-07-09_R16_Gold Coast-v-Brisbane Lions",2016,16,"Gold Coast","Brisbane",2,76,42,38,26,12,"Gold Coast"
"2016-07-09_R16_Gold Coast-v-Brisbane Lions",2016,16,"Gold Coast","Brisbane",3,106,82,30,40,-10,"Brisbane"
"2016-07-09_R16_Gold Coast-v-Brisbane Lions",2016,16,"Gold Coast","Brisbane",4,139,113,33,31,2,"Gold Coast"
"2016-07-09_R16_Greater Western Sydney-v-Collingwood",2016,16,"Greater Western Sydney","Collingwood",1,44,20,44,20,24,"Greater Western Sydney"
"2016-07-09_R16_Greater Western Sydney-v-Collingwood",2016,16,"Greater Western Sydney","Collingwood",2,58,76,14,56,-42,"Collingwood"
"2016-07-09_R16_Greater Western Sydney-v-Collingwood",2016,16,"Greater Western Sydney","Collingwood",3,73,115,15,39,-24,"Collingwood"
"2016-07-09_R16_Greater Western Sydney-v-Collingwood",2016,16,"Greater Western Sydney","Collingwood",4,93,125,20,10,10,"Greater Western Sydney"
"2016-07-09_R16_Melbourne-v-Fremantle",2016,16,"Melbourne","Fremantle",1,41,12,41,12,29,"Melbourne"
"2016-07-09_R16_Melbourne-v-Fremantle",2016,16,"Melbourne","Fremantle",2,62,19,21,7,14,"Melbourne"
"2016-07-09_R16_Melbourne-v-Fremantle",2016,16,"Melbourne","Fremantle",3,77,46,15,27,-12,"Fremantle"
"2016-07-09_R16_Melbourne-v-Fremantle",2016,16,"Melbourne","Fremantle",4,87,55,10,9,1,"Melbourne"
"2016-07-09_R16_Western Bulldogs-v-Richmond",2016,16,"Western Bulldogs","Richmond",1,21,19,21,19,2,"Western Bulldogs"
"2016-07-09_R16_Western Bulldogs-v-Richmond",2016,16,"Western Bulldogs","Richmond",2,39,38,18,19,-1,"Richmond"
"2016-07-09_R16_Western Bulldogs-v-Richmond",2016,16,"Western Bulldogs","Richmond",3,47,54,8,16,-8,"Richmond"
"2016-07-09_R16_Western Bulldogs-v-Richmond",2016,16,"Western Bulldogs","Richmond",4,85,75,38,21,17,"Western Bulldogs"
"2016-07-10_R16_Carlton-v-Adelaide",2016,16,"Carlton","Adelaide",1,18,27,18,27,-9,"Adelaide"
"2016-07-10_R16_Carlton-v-Adelaide",2016,16,"Carlton","Adelaide",2,37,60,19,33,-14,"Adelaide"
"2016-07-10_R16_Carlton-v-Adelaide",2016,16,"Carlton","Adelaide",3,38,82,1,22,-21,"Adelaide"
"2016-07-10_R16_Carlton-v-Adelaide",2016,16,"Carlton","Adelaide",4,47,107,9,25,-16,"Adelaide"
"2016-07-10_R16_Essendon-v-St Kilda",2016,16,"Essendon","St Kilda",1,14,27,14,27,-13,"St Kilda"
"2016-07-10_R16_Essendon-v-St Kilda",2016,16,"Essendon","St Kilda",2,35,53,21,26,-5,"St Kilda"
"2016-07-10_R16_Essendon-v-St Kilda",2016,16,"Essendon","St Kilda",3,56,79,21,26,-5,"St Kilda"
"2016-07-10_R16_Essendon-v-St Kilda",2016,16,"Essendon","St Kilda",4,84,109,28,30,-2,"St Kilda"
"2016-07-10_R16_West Coast-v-North Melbourne",2016,16,"West Coast","North Melbourne",1,20,13,20,13,7,"West Coast"
"2016-07-10_R16_West Coast-v-North Melbourne",2016,16,"West Coast","North Melbourne",2,58,40,38,27,11,"West Coast"
"2016-07-10_R16_West Coast-v-North Melbourne",2016,16,"West Coast","North Melbourne",3,85,52,27,12,15,"West Coast"
"2016-07-10_R16_West Coast-v-North Melbourne",2016,16,"West Coast","North Melbourne",4,104,72,19,20,-1,"North Melbourne"
"2016-07-14_R17_Sydney-v-Hawthorn",2016,17,"Sydney","Hawthorn",1,28,19,28,19,9,"Sydney"
"2016-07-14_R17_Sydney-v-Hawthorn",2016,17,"Sydney","Hawthorn",2,29,40,1,21,-20,"Hawthorn"
"2016-07-14_R17_Sydney-v-Hawthorn",2016,17,"Sydney","Hawthorn",3,54,49,25,9,16,"Sydney"
"2016-07-14_R17_Sydney-v-Hawthorn",2016,17,"Sydney","Hawthorn",4,70,75,16,26,-10,"Hawthorn"
"2016-07-15_R17_Fremantle-v-Geelong",2016,17,"Fremantle","Geelong",1,25,9,25,9,16,"Fremantle"
"2016-07-15_R17_Fremantle-v-Geelong",2016,17,"Fremantle","Geelong",2,44,43,19,34,-15,"Geelong"
"2016-07-15_R17_Fremantle-v-Geelong",2016,17,"Fremantle","Geelong",3,45,59,1,16,-15,"Geelong"
"2016-07-15_R17_Fremantle-v-Geelong",2016,17,"Fremantle","Geelong",4,61,78,16,19,-3,"Geelong"
"2016-07-16_R17_Adelaide-v-Collingwood",2016,17,"Adelaide","Collingwood",1,32,12,32,12,20,"Adelaide"
"2016-07-16_R17_Adelaide-v-Collingwood",2016,17,"Adelaide","Collingwood",2,55,37,23,25,-2,"Collingwood"
"2016-07-16_R17_Adelaide-v-Collingwood",2016,17,"Adelaide","Collingwood",3,78,55,23,18,5,"Adelaide"
"2016-07-16_R17_Adelaide-v-Collingwood",2016,17,"Adelaide","Collingwood",4,97,69,19,14,5,"Adelaide"
"2016-07-16_R17_North Melbourne-v-Port Adelaide",2016,17,"North Melbourne","Port Adelaide",1,5,39,5,39,-34,"Port Adelaide"
"2016-07-16_R17_North Melbourne-v-Port Adelaide",2016,17,"North Melbourne","Port Adelaide",2,26,65,21,26,-5,"Port Adelaide"
"2016-07-16_R17_North Melbourne-v-Port Adelaide",2016,17,"North Melbourne","Port Adelaide",3,47,83,21,18,3,"North Melbourne"
"2016-07-16_R17_North Melbourne-v-Port Adelaide",2016,17,"North Melbourne","Port Adelaide",4,77,105,30,22,8,"North Melbourne"
"2016-07-16_R17_Richmond-v-Essendon",2016,17,"Richmond","Essendon",1,21,20,21,20,1,"Richmond"
"2016-07-16_R17_Richmond-v-Essendon",2016,17,"Richmond","Essendon",2,45,36,24,16,8,"Richmond"
"2016-07-16_R17_Richmond-v-Essendon",2016,17,"Richmond","Essendon",3,71,58,26,22,4,"Richmond"
"2016-07-16_R17_Richmond-v-Essendon",2016,17,"Richmond","Essendon",4,102,82,31,24,7,"Richmond"
"2016-07-16_R17_Western Bulldogs-v-Gold Coast",2016,17,"Western Bulldogs","Gold Coast",1,41,20,41,20,21,"Western Bulldogs"
"2016-07-16_R17_Western Bulldogs-v-Gold Coast",2016,17,"Western Bulldogs","Gold Coast",2,75,33,34,13,21,"Western Bulldogs"
"2016-07-16_R17_Western Bulldogs-v-Gold Coast",2016,17,"Western Bulldogs","Gold Coast",3,87,44,12,11,1,"Western Bulldogs"
"2016-07-16_R17_Western Bulldogs-v-Gold Coast",2016,17,"Western Bulldogs","Gold Coast",4,107,59,20,15,5,"Western Bulldogs"
"2016-07-17_R17_Brisbane Lions-v-Greater Western Sydney",2016,17,"Brisbane","Greater Western Sydney",1,19,25,19,25,-6,"Greater Western Sydney"
"2016-07-17_R17_Brisbane Lions-v-Greater Western Sydney",2016,17,"Brisbane","Greater Western Sydney",2,35,86,16,61,-45,"Greater Western Sydney"
"2016-07-17_R17_Brisbane Lions-v-Greater Western Sydney",2016,17,"Brisbane","Greater Western Sydney",3,56,130,21,44,-23,"Greater Western Sydney"
"2016-07-17_R17_Brisbane Lions-v-Greater Western Sydney",2016,17,"Brisbane","Greater Western Sydney",4,67,146,11,16,-5,"Greater Western Sydney"
"2016-07-17_R17_Carlton-v-West Coast",2016,17,"Carlton","West Coast",1,8,16,8,16,-8,"West Coast"
"2016-07-17_R17_Carlton-v-West Coast",2016,17,"Carlton","West Coast",2,21,37,13,21,-8,"West Coast"
"2016-07-17_R17_Carlton-v-West Coast",2016,17,"Carlton","West Coast",3,41,68,20,31,-11,"West Coast"
"2016-07-17_R17_Carlton-v-West Coast",2016,17,"Carlton","West Coast",4,75,82,34,14,20,"Carlton"
"2016-07-17_R17_St Kilda-v-Melbourne",2016,17,"St Kilda","Melbourne",1,21,38,21,38,-17,"Melbourne"
"2016-07-17_R17_St Kilda-v-Melbourne",2016,17,"St Kilda","Melbourne",2,54,41,33,3,30,"St Kilda"
"2016-07-17_R17_St Kilda-v-Melbourne",2016,17,"St Kilda","Melbourne",3,72,61,18,20,-2,"Melbourne"
"2016-07-17_R17_St Kilda-v-Melbourne",2016,17,"St Kilda","Melbourne",4,110,74,38,13,25,"St Kilda"
"2016-07-22_R18_Collingwood-v-North Melbourne",2016,18,"Collingwood","North Melbourne",1,14,41,14,41,-27,"North Melbourne"
"2016-07-22_R18_Collingwood-v-North Melbourne",2016,18,"Collingwood","North Melbourne",2,28,67,14,26,-12,"North Melbourne"
"2016-07-22_R18_Collingwood-v-North Melbourne",2016,18,"Collingwood","North Melbourne",3,67,94,39,27,12,"Collingwood"
"2016-07-22_R18_Collingwood-v-North Melbourne",2016,18,"Collingwood","North Melbourne",4,84,124,17,30,-13,"North Melbourne"
"2016-07-23_R18_Geelong-v-Adelaide",2016,18,"Geelong","Adelaide",1,26,20,26,20,6,"Geelong"
"2016-07-23_R18_Geelong-v-Adelaide",2016,18,"Geelong","Adelaide",2,36,35,10,15,-5,"Adelaide"
"2016-07-23_R18_Geelong-v-Adelaide",2016,18,"Geelong","Adelaide",3,69,40,33,5,28,"Geelong"
"2016-07-23_R18_Geelong-v-Adelaide",2016,18,"Geelong","Adelaide",4,85,55,16,15,1,"Geelong"
"2016-07-23_R18_Gold Coast-v-Fremantle",2016,18,"Gold Coast","Fremantle",1,32,18,32,18,14,"Gold Coast"
"2016-07-23_R18_Gold Coast-v-Fremantle",2016,18,"Gold Coast","Fremantle",2,51,59,19,41,-22,"Fremantle"
"2016-07-23_R18_Gold Coast-v-Fremantle",2016,18,"Gold Coast","Fremantle",3,79,66,28,7,21,"Gold Coast"
"2016-07-23_R18_Gold Coast-v-Fremantle",2016,18,"Gold Coast","Fremantle",4,105,81,26,15,11,"Gold Coast"
"2016-07-23_R18_Sydney-v-Carlton",2016,18,"Sydney","Carlton",1,28,31,28,31,-3,"Carlton"
"2016-07-23_R18_Sydney-v-Carlton",2016,18,"Sydney","Carlton",2,37,45,9,14,-5,"Carlton"
"2016-07-23_R18_Sydney-v-Carlton",2016,18,"Sydney","Carlton",3,65,58,28,13,15,"Sydney"
"2016-07-23_R18_Sydney-v-Carlton",2016,18,"Sydney","Carlton",4,74,68,9,10,-1,"Carlton"
"2016-07-23_R18_West Coast-v-Melbourne",2016,18,"West Coast","Melbourne",1,13,14,13,14,-1,"Melbourne"
"2016-07-23_R18_West Coast-v-Melbourne",2016,18,"West Coast","Melbourne",2,32,34,19,20,-1,"Melbourne"
"2016-07-23_R18_West Coast-v-Melbourne",2016,18,"West Coast","Melbourne",3,52,58,20,24,-4,"Melbourne"
"2016-07-23_R18_West Coast-v-Melbourne",2016,18,"West Coast","Melbourne",4,66,60,14,2,12,"West Coast"
"2016-07-23_R18_Western Bulldogs-v-St Kilda",2016,18,"Western Bulldogs","St Kilda",1,26,21,26,21,5,"Western Bulldogs"
"2016-07-23_R18_Western Bulldogs-v-St Kilda",2016,18,"Western Bulldogs","St Kilda",2,40,46,14,25,-11,"St Kilda"
"2016-07-23_R18_Western Bulldogs-v-St Kilda",2016,18,"Western Bulldogs","St Kilda",3,60,65,20,19,1,"Western Bulldogs"
"2016-07-23_R18_Western Bulldogs-v-St Kilda",2016,18,"Western Bulldogs","St Kilda",4,60,75,0,10,-10,"St Kilda"
"2016-07-24_R18_Essendon-v-Brisbane Lions",2016,18,"Essendon","Brisbane",1,15,39,15,39,-24,"Brisbane"
"2016-07-24_R18_Essendon-v-Brisbane Lions",2016,18,"Essendon","Brisbane",2,37,58,22,19,3,"Essendon"
"2016-07-24_R18_Essendon-v-Brisbane Lions",2016,18,"Essendon","Brisbane",3,48,96,11,38,-27,"Brisbane"
"2016-07-24_R18_Essendon-v-Brisbane Lions",2016,18,"Essendon","Brisbane",4,82,128,34,32,2,"Essendon"
"2016-07-24_R18_Hawthorn-v-Richmond",2016,18,"Hawthorn","Richmond",1,17,17,17,17,0,"Draw"
"2016-07-24_R18_Hawthorn-v-Richmond",2016,18,"Hawthorn","Richmond",2,35,25,18,8,10,"Hawthorn"
"2016-07-24_R18_Hawthorn-v-Richmond",2016,18,"Hawthorn","Richmond",3,57,29,22,4,18,"Hawthorn"
"2016-07-24_R18_Hawthorn-v-Richmond",2016,18,"Hawthorn","Richmond",4,114,44,57,15,42,"Hawthorn"
"2016-07-24_R18_Port Adelaide-v-Greater Western Sydney",2016,18,"Port Adelaide","Greater Western Sydney",1,14,2,14,2,12,"Port Adelaide"
"2016-07-24_R18_Port Adelaide-v-Greater Western Sydney",2016,18,"Port Adelaide","Greater Western Sydney",2,39,19,25,17,8,"Port Adelaide"
"2016-07-24_R18_Port Adelaide-v-Greater Western Sydney",2016,18,"Port Adelaide","Greater Western Sydney",3,47,53,8,34,-26,"Greater Western Sydney"
"2016-07-24_R18_Port Adelaide-v-Greater Western Sydney",2016,18,"Port Adelaide","Greater Western Sydney",4,60,79,13,26,-13,"Greater Western Sydney"
"2016-07-29_R19_Geelong-v-Western Bulldogs",2016,19,"Geelong","Western Bulldogs",1,32,31,32,31,1,"Geelong"
"2016-07-29_R19_Geelong-v-Western Bulldogs",2016,19,"Geelong","Western Bulldogs",2,56,50,24,19,5,"Geelong"
"2016-07-29_R19_Geelong-v-Western Bulldogs",2016,19,"Geelong","Western Bulldogs",3,83,56,27,6,21,"Geelong"
"2016-07-29_R19_Geelong-v-Western Bulldogs",2016,19,"Geelong","Western Bulldogs",4,103,78,20,22,-2,"Western Bulldogs"
"2016-07-30_R19_Brisbane Lions-v-Port Adelaide",2016,19,"Brisbane","Port Adelaide",1,25,30,25,30,-5,"Port Adelaide"
"2016-07-30_R19_Brisbane Lions-v-Port Adelaide",2016,19,"Brisbane","Port Adelaide",2,30,77,5,47,-42,"Port Adelaide"
"2016-07-30_R19_Brisbane Lions-v-Port Adelaide",2016,19,"Brisbane","Port Adelaide",3,63,125,33,48,-15,"Port Adelaide"
"2016-07-30_R19_Brisbane Lions-v-Port Adelaide",2016,19,"Brisbane","Port Adelaide",4,79,173,16,48,-32,"Port Adelaide"
"2016-07-30_R19_Collingwood-v-West Coast",2016,19,"Collingwood","West Coast",1,17,26,17,26,-9,"West Coast"
"2016-07-30_R19_Collingwood-v-West Coast",2016,19,"Collingwood","West Coast",2,49,32,32,6,26,"Collingwood"
"2016-07-30_R19_Collingwood-v-West Coast",2016,19,"Collingwood","West Coast",3,59,57,10,25,-15,"West Coast"
"2016-07-30_R19_Collingwood-v-West Coast",2016,19,"Collingwood","West Coast",4,91,72,32,15,17,"Collingwood"
"2016-07-30_R19_Hawthorn-v-Carlton",2016,19,"Hawthorn","Carlton",1,17,4,17,4,13,"Hawthorn"
"2016-07-30_R19_Hawthorn-v-Carlton",2016,19,"Hawthorn","Carlton",2,20,14,3,10,-7,"Carlton"
"2016-07-30_R19_Hawthorn-v-Carlton",2016,19,"Hawthorn","Carlton",3,53,41,33,27,6,"Hawthorn"
"2016-07-30_R19_Hawthorn-v-Carlton",2016,19,"Hawthorn","Carlton",4,74,55,21,14,7,"Hawthorn"
"2016-07-30_R19_North Melbourne-v-St Kilda",2016,19,"North Melbourne","St Kilda",1,16,10,16,10,6,"North Melbourne"
"2016-07-30_R19_North Melbourne-v-St Kilda",2016,19,"North Melbourne","St Kilda",2,31,19,15,9,6,"North Melbourne"
"2016-07-30_R19_North Melbourne-v-St Kilda",2016,19,"North Melbourne","St Kilda",3,50,28,19,9,10,"North Melbourne"
"2016-07-30_R19_North Melbourne-v-St Kilda",2016,19,"North Melbourne","St Kilda",4,85,62,35,34,1,"North Melbourne"
"2016-07-31_R19_Adelaide-v-Essendon",2016,19,"Adelaide","Essendon",1,32,14,32,14,18,"Adelaide"
"2016-07-31_R19_Adelaide-v-Essendon",2016,19,"Adelaide","Essendon",2,73,27,41,13,28,"Adelaide"
"2016-07-31_R19_Adelaide-v-Essendon",2016,19,"Adelaide","Essendon",3,118,35,45,8,37,"Adelaide"
"2016-07-31_R19_Adelaide-v-Essendon",2016,19,"Adelaide","Essendon",4,143,60,25,25,0,"Draw"
"2016-07-31_R19_Fremantle-v-Sydney",2016,19,"Fremantle","Sydney",1,6,25,6,25,-19,"Sydney"
"2016-07-31_R19_Fremantle-v-Sydney",2016,19,"Fremantle","Sydney",2,20,49,14,24,-10,"Sydney"
"2016-07-31_R19_Fremantle-v-Sydney",2016,19,"Fremantle","Sydney",3,27,99,7,50,-43,"Sydney"
"2016-07-31_R19_Fremantle-v-Sydney",2016,19,"Fremantle","Sydney",4,47,137,20,38,-18,"Sydney"
"2016-07-31_R19_Melbourne-v-Gold Coast",2016,19,"Melbourne","Gold Coast",1,9,21,9,21,-12,"Gold Coast"
"2016-07-31_R19_Melbourne-v-Gold Coast",2016,19,"Melbourne","Gold Coast",2,42,30,33,9,24,"Melbourne"
"2016-07-31_R19_Melbourne-v-Gold Coast",2016,19,"Melbourne","Gold Coast",3,52,44,10,14,-4,"Gold Coast"
"2016-07-31_R19_Melbourne-v-Gold Coast",2016,19,"Melbourne","Gold Coast",4,66,64,14,20,-6,"Gold Coast"
"2016-08-05_R20_Richmond-v-Collingwood",2016,20,"Richmond","Collingwood",1,18,32,18,32,-14,"Collingwood"
"2016-08-05_R20_Richmond-v-Collingwood",2016,20,"Richmond","Collingwood",2,45,39,27,7,20,"Richmond"
"2016-08-05_R20_Richmond-v-Collingwood",2016,20,"Richmond","Collingwood",3,67,55,22,16,6,"Richmond"
"2016-08-05_R20_Richmond-v-Collingwood",2016,20,"Richmond","Collingwood",4,92,77,25,22,3,"Richmond"
"2016-08-06_R20_Adelaide-v-Brisbane Lions",2016,20,"Adelaide","Brisbane",1,40,18,40,18,22,"Adelaide"
"2016-08-06_R20_Adelaide-v-Brisbane Lions",2016,20,"Adelaide","Brisbane",2,87,30,47,12,35,"Adelaide"
"2016-08-06_R20_Adelaide-v-Brisbane Lions",2016,20,"Adelaide","Brisbane",3,130,37,43,7,36,"Adelaide"
"2016-08-06_R20_Adelaide-v-Brisbane Lions",2016,20,"Adelaide","Brisbane",4,162,39,32,2,30,"Adelaide"
"2016-08-06_R20_Gold Coast-v-Greater Western Sydney",2016,20,"Gold Coast","Greater Western Sydney",1,32,26,32,26,6,"Gold Coast"
"2016-08-06_R20_Gold Coast-v-Greater Western Sydney",2016,20,"Gold Coast","Greater Western Sydney",2,59,53,27,27,0,"Draw"
"2016-08-06_R20_Gold Coast-v-Greater Western Sydney",2016,20,"Gold Coast","Greater Western Sydney",3,78,72,19,19,0,"Draw"
"2016-08-06_R20_Gold Coast-v-Greater Western Sydney",2016,20,"Gold Coast","Greater Western Sydney",4,84,92,6,20,-14,"Greater Western Sydney"
"2016-08-06_R20_Melbourne-v-Hawthorn",2016,20,"Melbourne","Hawthorn",1,32,21,32,21,11,"Melbourne"
"2016-08-06_R20_Melbourne-v-Hawthorn",2016,20,"Melbourne","Hawthorn",2,56,51,24,30,-6,"Hawthorn"
"2016-08-06_R20_Melbourne-v-Hawthorn",2016,20,"Melbourne","Hawthorn",3,78,72,22,21,1,"Melbourne"
"2016-08-06_R20_Melbourne-v-Hawthorn",2016,20,"Melbourne","Hawthorn",4,110,81,32,9,23,"Melbourne"
"2016-08-06_R20_Sydney-v-Port Adelaide",2016,20,"Sydney","Port Adelaide",1,41,0,41,0,41,"Sydney"
"2016-08-06_R20_Sydney-v-Port Adelaide",2016,20,"Sydney","Port Adelaide",2,64,15,23,15,8,"Sydney"
"2016-08-06_R20_Sydney-v-Port Adelaide",2016,20,"Sydney","Port Adelaide",3,98,24,34,9,25,"Sydney"
"2016-08-06_R20_Sydney-v-Port Adelaide",2016,20,"Sydney","Port Adelaide",4,100,33,2,9,-7,"Port Adelaide"
"2016-08-06_R20_Western Bulldogs-v-North Melbourne",2016,20,"Western Bulldogs","North Melbourne",1,10,14,10,14,-4,"North Melbourne"
"2016-08-06_R20_Western Bulldogs-v-North Melbourne",2016,20,"Western Bulldogs","North Melbourne",2,29,16,19,2,17,"Western Bulldogs"
"2016-08-06_R20_Western Bulldogs-v-North Melbourne",2016,20,"Western Bulldogs","North Melbourne",3,49,29,20,13,7,"Western Bulldogs"
"2016-08-06_R20_Western Bulldogs-v-North Melbourne",2016,20,"Western Bulldogs","North Melbourne",4,61,47,12,18,-6,"North Melbourne"
"2016-08-07_R20_Carlton-v-St Kilda",2016,20,"Carlton","St Kilda",1,8,27,8,27,-19,"St Kilda"
"2016-08-07_R20_Carlton-v-St Kilda",2016,20,"Carlton","St Kilda",2,23,65,15,38,-23,"St Kilda"
"2016-08-07_R20_Carlton-v-St Kilda",2016,20,"Carlton","St Kilda",3,43,90,20,25,-5,"St Kilda"
"2016-08-07_R20_Carlton-v-St Kilda",2016,20,"Carlton","St Kilda",4,51,122,8,32,-24,"St Kilda"
"2016-08-07_R20_Fremantle-v-West Coast",2016,20,"Fremantle","West Coast",1,20,14,20,14,6,"Fremantle"
"2016-08-07_R20_Fremantle-v-West Coast",2016,20,"Fremantle","West Coast",2,36,47,16,33,-17,"West Coast"
"2016-08-07_R20_Fremantle-v-West Coast",2016,20,"Fremantle","West Coast",3,49,79,13,32,-19,"West Coast"
"2016-08-07_R20_Fremantle-v-West Coast",2016,20,"Fremantle","West Coast",4,64,110,15,31,-16,"West Coast"
"2016-08-07_R20_Geelong-v-Essendon",2016,20,"Geelong","Essendon",1,20,3,20,3,17,"Geelong"
"2016-08-07_R20_Geelong-v-Essendon",2016,20,"Geelong","Essendon",2,46,4,26,1,25,"Geelong"
"2016-08-07_R20_Geelong-v-Essendon",2016,20,"Geelong","Essendon",3,76,22,30,18,12,"Geelong"
"2016-08-07_R20_Geelong-v-Essendon",2016,20,"Geelong","Essendon",4,100,34,24,12,12,"Geelong"
"2016-08-12_R21_Western Bulldogs-v-Collingwood",2016,21,"Western Bulldogs","Collingwood",1,21,16,21,16,5,"Western Bulldogs"
"2016-08-12_R21_Western Bulldogs-v-Collingwood",2016,21,"Western Bulldogs","Collingwood",2,48,47,27,31,-4,"Collingwood"
"2016-08-12_R21_Western Bulldogs-v-Collingwood",2016,21,"Western Bulldogs","Collingwood",3,73,73,25,26,-1,"Collingwood"
"2016-08-12_R21_Western Bulldogs-v-Collingwood",2016,21,"Western Bulldogs","Collingwood",4,95,92,22,19,3,"Western Bulldogs"
"2016-08-13_R21_Brisbane Lions-v-Carlton",2016,21,"Brisbane","Carlton",1,44,20,44,20,24,"Brisbane"
"2016-08-13_R21_Brisbane Lions-v-Carlton",2016,21,"Brisbane","Carlton",2,75,35,31,15,16,"Brisbane"
"2016-08-13_R21_Brisbane Lions-v-Carlton",2016,21,"Brisbane","Carlton",3,91,66,16,31,-15,"Carlton"
"2016-08-13_R21_Brisbane Lions-v-Carlton",2016,21,"Brisbane","Carlton",4,99,95,8,29,-21,"Carlton"
"2016-08-13_R21_Greater Western Sydney-v-West Coast",2016,21,"Greater Western Sydney","West Coast",1,21,10,21,10,11,"Greater Western Sydney"
"2016-08-13_R21_Greater Western Sydney-v-West Coast",2016,21,"Greater Western Sydney","West Coast",2,43,38,22,28,-6,"West Coast"
"2016-08-13_R21_Greater Western Sydney-v-West Coast",2016,21,"Greater Western Sydney","West Coast",3,82,59,39,21,18,"Greater Western Sydney"
"2016-08-13_R21_Greater Western Sydney-v-West Coast",2016,21,"Greater Western Sydney","West Coast",4,96,97,14,38,-24,"West Coast"
"2016-08-13_R21_Hawthorn-v-North Melbourne",2016,21,"Hawthorn","North Melbourne",1,52,6,52,6,46,"Hawthorn"
"2016-08-13_R21_Hawthorn-v-North Melbourne",2016,21,"Hawthorn","North Melbourne",2,61,38,9,32,-23,"North Melbourne"
"2016-08-13_R21_Hawthorn-v-North Melbourne",2016,21,"Hawthorn","North Melbourne",3,75,55,14,17,-3,"North Melbourne"
"2016-08-13_R21_Hawthorn-v-North Melbourne",2016,21,"Hawthorn","North Melbourne",4,96,57,21,2,19,"Hawthorn"
"2016-08-13_R21_Port Adelaide-v-Melbourne",2016,21,"Port Adelaide","Melbourne",1,8,27,8,27,-19,"Melbourne"
"2016-08-13_R21_Port Adelaide-v-Melbourne",2016,21,"Port Adelaide","Melbourne",2,16,53,8,26,-18,"Melbourne"
"2016-08-13_R21_Port Adelaide-v-Melbourne",2016,21,"Port Adelaide","Melbourne",3,41,63,25,10,15,"Port Adelaide"
"2016-08-13_R21_Port Adelaide-v-Melbourne",2016,21,"Port Adelaide","Melbourne",4,54,94,13,31,-18,"Melbourne"
"2016-08-13_R21_St Kilda-v-Sydney",2016,21,"St Kilda","Sydney",1,30,25,30,25,5,"St Kilda"
"2016-08-13_R21_St Kilda-v-Sydney",2016,21,"St Kilda","Sydney",2,47,52,17,27,-10,"Sydney"
"2016-08-13_R21_St Kilda-v-Sydney",2016,21,"St Kilda","Sydney",3,62,103,15,51,-36,"Sydney"
"2016-08-13_R21_St Kilda-v-Sydney",2016,21,"St Kilda","Sydney",4,76,146,14,43,-29,"Sydney"
"2016-08-14_R21_Essendon-v-Gold Coast",2016,21,"Essendon","Gold Coast",1,21,19,21,19,2,"Essendon"
"2016-08-14_R21_Essendon-v-Gold Coast",2016,21,"Essendon","Gold Coast",2,42,35,21,16,5,"Essendon"
"2016-08-14_R21_Essendon-v-Gold Coast",2016,21,"Essendon","Gold Coast",3,49,56,7,21,-14,"Gold Coast"
"2016-08-14_R21_Essendon-v-Gold Coast",2016,21,"Essendon","Gold Coast",4,75,69,26,13,13,"Essendon"
"2016-08-14_R21_Fremantle-v-Adelaide",2016,21,"Fremantle","Adelaide",1,13,28,13,28,-15,"Adelaide"
"2016-08-14_R21_Fremantle-v-Adelaide",2016,21,"Fremantle","Adelaide",2,38,69,25,41,-16,"Adelaide"
"2016-08-14_R21_Fremantle-v-Adelaide",2016,21,"Fremantle","Adelaide",3,45,106,7,37,-30,"Adelaide"
"2016-08-14_R21_Fremantle-v-Adelaide",2016,21,"Fremantle","Adelaide",4,70,142,25,36,-11,"Adelaide"
"2016-08-14_R21_Richmond-v-Geelong",2016,21,"Richmond","Geelong",1,16,14,16,14,2,"Richmond"
"2016-08-14_R21_Richmond-v-Geelong",2016,21,"Richmond","Geelong",2,46,25,30,11,19,"Richmond"
"2016-08-14_R21_Richmond-v-Geelong",2016,21,"Richmond","Geelong",3,72,37,26,12,14,"Richmond"
"2016-08-14_R21_Richmond-v-Geelong",2016,21,"Richmond","Geelong",4,78,82,6,45,-39,"Geelong"
"2016-08-19_R22_West Coast-v-Hawthorn",2016,22,"West Coast","Hawthorn",1,33,13,33,13,20,"West Coast"
"2016-08-19_R22_West Coast-v-Hawthorn",2016,22,"West Coast","Hawthorn",2,58,26,25,13,12,"West Coast"
"2016-08-19_R22_West Coast-v-Hawthorn",2016,22,"West Coast","Hawthorn",3,85,44,27,18,9,"West Coast"
"2016-08-19_R22_West Coast-v-Hawthorn",2016,22,"West Coast","Hawthorn",4,92,67,7,23,-16,"Hawthorn"
"2016-08-20_R22_Collingwood-v-Gold Coast",2016,22,"Collingwood","Gold Coast",1,45,2,45,2,43,"Collingwood"
"2016-08-20_R22_Collingwood-v-Gold Coast",2016,22,"Collingwood","Gold Coast",2,80,12,35,10,25,"Collingwood"
"2016-08-20_R22_Collingwood-v-Gold Coast",2016,22,"Collingwood","Gold Coast",3,109,32,29,20,9,"Collingwood"
"2016-08-20_R22_Collingwood-v-Gold Coast",2016,22,"Collingwood","Gold Coast",4,118,47,9,15,-6,"Gold Coast"
"2016-08-20_R22_North Melbourne-v-Sydney",2016,22,"North Melbourne","Sydney",1,22,34,22,34,-12,"Sydney"
"2016-08-20_R22_North Melbourne-v-Sydney",2016,22,"North Melbourne","Sydney",2,32,44,10,10,0,"Draw"
"2016-08-20_R22_North Melbourne-v-Sydney",2016,22,"North Melbourne","Sydney",3,67,75,35,31,4,"North Melbourne"
"2016-08-20_R22_North Melbourne-v-Sydney",2016,22,"North Melbourne","Sydney",4,76,85,9,10,-1,"Sydney"
"2016-08-20_R22_Port Adelaide-v-Adelaide",2016,22,"Port Adelaide","Adelaide",1,27,26,27,26,1,"Port Adelaide"
"2016-08-20_R22_Port Adelaide-v-Adelaide",2016,22,"Port Adelaide","Adelaide",2,40,53,13,27,-14,"Adelaide"
"2016-08-20_R22_Port Adelaide-v-Adelaide",2016,22,"Port Adelaide","Adelaide",3,79,80,39,27,12,"Port Adelaide"
"2016-08-20_R22_Port Adelaide-v-Adelaide",2016,22,"Port Adelaide","Adelaide",4,94,109,15,29,-14,"Adelaide"
"2016-08-20_R22_Richmond-v-St Kilda",2016,22,"Richmond","St Kilda",1,13,23,13,23,-10,"St Kilda"
"2016-08-20_R22_Richmond-v-St Kilda",2016,22,"Richmond","St Kilda",2,17,38,4,15,-11,"St Kilda"
"2016-08-20_R22_Richmond-v-St Kilda",2016,22,"Richmond","St Kilda",3,27,40,10,2,8,"Richmond"
"2016-08-20_R22_Richmond-v-St Kilda",2016,22,"Richmond","St Kilda",4,46,55,19,15,4,"Richmond"
"2016-08-21_R22_Brisbane Lions-v-Geelong",2016,22,"Brisbane","Geelong",1,9,45,9,45,-36,"Geelong"
"2016-08-21_R22_Brisbane Lions-v-Geelong",2016,22,"Brisbane","Geelong",2,46,61,37,16,21,"Brisbane"
"2016-08-21_R22_Brisbane Lions-v-Geelong",2016,22,"Brisbane","Geelong",3,53,95,7,34,-27,"Geelong"
"2016-08-21_R22_Brisbane Lions-v-Geelong",2016,22,"Brisbane","Geelong",4,69,129,16,34,-18,"Geelong"
"2016-08-21_R22_Carlton-v-Melbourne",2016,22,"Carlton","Melbourne",1,29,14,29,14,15,"Carlton"
"2016-08-21_R22_Carlton-v-Melbourne",2016,22,"Carlton","Melbourne",2,50,32,21,18,3,"Carlton"
"2016-08-21_R22_Carlton-v-Melbourne",2016,22,"Carlton","Melbourne",3,70,40,20,8,12,"Carlton"
"2016-08-21_R22_Carlton-v-Melbourne",2016,22,"Carlton","Melbourne",4,78,52,8,12,-4,"Melbourne"
"2016-08-21_R22_Essendon-v-Western Bulldogs",2016,22,"Essendon","Western Bulldogs",1,8,38,8,38,-30,"Western Bulldogs"
"2016-08-21_R22_Essendon-v-Western Bulldogs",2016,22,"Essendon","Western Bulldogs",2,37,59,29,21,8,"Essendon"
"2016-08-21_R22_Essendon-v-Western Bulldogs",2016,22,"Essendon","Western Bulldogs",3,39,80,2,21,-19,"Western Bulldogs"
"2016-08-21_R22_Essendon-v-Western Bulldogs",2016,22,"Essendon","Western Bulldogs",4,53,93,14,13,1,"Essendon"
"2016-08-26_R23_Adelaide-v-West Coast",2016,23,"Adelaide","West Coast",1,15,16,15,16,-1,"West Coast"
"2016-08-26_R23_Adelaide-v-West Coast",2016,23,"Adelaide","West Coast",2,34,51,19,35,-16,"West Coast"
"2016-08-26_R23_Adelaide-v-West Coast",2016,23,"Adelaide","West Coast",3,41,84,7,33,-26,"West Coast"
"2016-08-26_R23_Adelaide-v-West Coast",2016,23,"Adelaide","West Coast",4,59,100,18,16,2,"Adelaide"
"2016-08-27_R23_Essendon-v-Carlton",2016,23,"Essendon","Carlton",1,22,18,22,18,4,"Essendon"
"2016-08-27_R23_Essendon-v-Carlton",2016,23,"Essendon","Carlton",2,51,38,29,20,9,"Essendon"
"2016-08-27_R23_Essendon-v-Carlton",2016,23,"Essendon","Carlton",3,71,48,20,10,10,"Essendon"
"2016-08-27_R23_Essendon-v-Carlton",2016,23,"Essendon","Carlton",4,79,79,8,31,-23,"Carlton"
"2016-08-27_R23_Geelong-v-Melbourne",2016,23,"Geelong","Melbourne",1,50,12,50,12,38,"Geelong"
"2016-08-27_R23_Geelong-v-Melbourne",2016,23,"Geelong","Melbourne",2,72,20,22,8,14,"Geelong"
"2016-08-27_R23_Geelong-v-Melbourne",2016,23,"Geelong","Melbourne",3,94,24,22,4,18,"Geelong"
"2016-08-27_R23_Geelong-v-Melbourne",2016,23,"Geelong","Melbourne",4,155,44,61,20,41,"Geelong"
"2016-08-27_R23_Gold Coast-v-Port Adelaide",2016,23,"Gold Coast","Port Adelaide",1,10,15,10,15,-5,"Port Adelaide"
"2016-08-27_R23_Gold Coast-v-Port Adelaide",2016,23,"Gold Coast","Port Adelaide",2,19,40,9,25,-16,"Port Adelaide"
"2016-08-27_R23_Gold Coast-v-Port Adelaide",2016,23,"Gold Coast","Port Adelaide",3,52,67,33,27,6,"Gold Coast"
"2016-08-27_R23_Gold Coast-v-Port Adelaide",2016,23,"Gold Coast","Port Adelaide",4,66,89,14,22,-8,"Port Adelaide"
"2016-08-27_R23_North Melbourne-v-Greater Western Sydney",2016,23,"North Melbourne","Greater Western Sydney",1,19,17,19,17,2,"North Melbourne"
"2016-08-27_R23_North Melbourne-v-Greater Western Sydney",2016,23,"North Melbourne","Greater Western Sydney",2,33,44,14,27,-13,"Greater Western Sydney"
"2016-08-27_R23_North Melbourne-v-Greater Western Sydney",2016,23,"North Melbourne","Greater Western Sydney",3,44,71,11,27,-16,"Greater Western Sydney"
"2016-08-27_R23_North Melbourne-v-Greater Western Sydney",2016,23,"North Melbourne","Greater Western Sydney",4,63,100,19,29,-10,"Greater Western Sydney"
"2016-08-27_R23_Sydney-v-Richmond",2016,23,"Sydney","Richmond",1,36,5,36,5,31,"Sydney"
"2016-08-27_R23_Sydney-v-Richmond",2016,23,"Sydney","Richmond",2,93,12,57,7,50,"Sydney"
"2016-08-27_R23_Sydney-v-Richmond",2016,23,"Sydney","Richmond",3,143,20,50,8,42,"Sydney"
"2016-08-27_R23_Sydney-v-Richmond",2016,23,"Sydney","Richmond",4,164,51,21,31,-10,"Richmond"
"2016-08-28_R23_Fremantle-v-Western Bulldogs",2016,23,"Fremantle","Western Bulldogs",1,25,16,25,16,9,"Fremantle"
"2016-08-28_R23_Fremantle-v-Western Bulldogs",2016,23,"Fremantle","Western Bulldogs",2,44,33,19,17,2,"Fremantle"
"2016-08-28_R23_Fremantle-v-Western Bulldogs",2016,23,"Fremantle","Western Bulldogs",3,57,48,13,15,-2,"Western Bulldogs"
"2016-08-28_R23_Fremantle-v-Western Bulldogs",2016,23,"Fremantle","Western Bulldogs",4,69,49,12,1,11,"Fremantle"
"2016-08-28_R23_Hawthorn-v-Collingwood",2016,23,"Hawthorn","Collingwood",1,16,26,16,26,-10,"Collingwood"
"2016-08-28_R23_Hawthorn-v-Collingwood",2016,23,"Hawthorn","Collingwood",2,49,60,33,34,-1,"Collingwood"
"2016-08-28_R23_Hawthorn-v-Collingwood",2016,23,"Hawthorn","Collingwood",3,86,74,37,14,23,"Hawthorn"
"2016-08-28_R23_Hawthorn-v-Collingwood",2016,23,"Hawthorn","Collingwood",4,112,111,26,37,-11,"Collingwood"
"2016-08-28_R23_St Kilda-v-Brisbane Lions",2016,23,"St Kilda","Brisbane",1,35,22,35,22,13,"St Kilda"
"2016-08-28_R23_St Kilda-v-Brisbane Lions",2016,23,"St Kilda","Brisbane",2,73,44,38,22,16,"St Kilda"
"2016-08-28_R23_St Kilda-v-Brisbane Lions",2016,23,"St Kilda","Brisbane",3,110,65,37,21,16,"St Kilda"
"2016-08-28_R23_St Kilda-v-Brisbane Lions",2016,23,"St Kilda","Brisbane",4,161,103,51,38,13,"St Kilda"
